pokemon_move_id,pokemon_id,move_id
1,145,1
2,145,2
3,145,3
4,145,4
5,145,5
6,145,6
7,145,7
8,145,8
9,145,9
10,145,10
11,145,11
12,145,12
13,145,13
14,145,14
15,145,15
16,145,16
17,145,17
18,145,18
19,145,19
20,145,20
21,145,21
22,145,22
23,145,23
24,145,24
25,145,25
26,145,26
27,145,27
28,145,28
29,145,29
30,145,30
31,145,31
32,145,32
33,145,33
34,145,34
35,145,35
36,145,36
37,145,37
38,145,38
39,145,39
40,145,40
41,145,41
42,145,42
43,145,43
44,145,44
45,145,45
46,145,46
47,145,47
48,145,48
49,145,49
50,145,50
51,64,51
52,64,52
53,64,53
54,64,54
55,64,55
56,64,56
57,64,57
58,64,58
59,64,59
60,64,60
61,64,61
62,64,2
63,64,4
64,64,18
65,64,62
66,64,63
67,64,64
68,64,22
69,64,65
70,64,66
71,64,67
72,64,24
73,64,68
74,64,69
75,64,34
76,64,70
77,64,71
78,64,72
79,64,73
80,64,20
81,64,74
82,64,75
83,64,76
84,64,77
85,83,78
86,83,1
87,83,79
88,83,80
89,83,21
90,83,81
91,83,82
92,83,83
93,83,84
94,83,85
95,83,86
96,83,87
97,83,88
98,83,89
99,83,90
100,83,6
101,83,45
102,83,18
103,83,22
104,83,67
105,83,91
106,83,24
107,83,33
108,83,36
109,83,92
110,83,28
111,83,34
112,83,70
113,83,93
114,83,94
115,83,95
116,83,20
117,83,96
118,83,48
119,83,97
120,83,98
121,83,99
122,83,100
123,138,101
124,138,102
125,138,103
126,138,104
127,138,105
128,138,78
129,138,106
130,138,7
131,138,107
132,138,18
133,138,108
134,138,109
135,138,110
136,138,111
137,138,31
138,138,112
139,138,113
140,138,114
141,138,115
142,138,116
143,138,27
144,138,12
145,138,117
146,138,118
147,138,20
148,138,119
149,138,120
150,138,121
151,138,67
152,138,122
153,138,123
154,138,124
155,138,34
156,138,125
157,138,24
158,138,29
159,138,126
160,138,127
161,138,128
162,138,129
163,138,130
164,138,131
165,138,132
166,90,133
167,90,105
168,90,102
169,90,134
170,90,78
171,90,118
172,90,135
173,90,136
174,90,18
175,90,137
176,90,127
177,90,122
178,90,110
179,90,111
180,90,17
181,90,138
182,90,139
183,90,20
184,90,22
185,90,115
186,90,106
187,90,140
188,90,24
189,90,12
190,90,141
191,90,29
192,90,108
193,90,124
194,90,31
195,90,125
196,90,129
197,90,34
198,90,142
199,90,109
200,90,143
201,90,38
202,90,123
203,90,46
204,90,144
205,69,145
206,69,146
207,69,147
208,69,148
209,69,149
210,69,150
211,69,151
212,69,81
213,69,152
214,69,153
215,69,154
216,69,92
217,69,155
218,69,156
219,69,18
220,69,157
221,69,113
222,69,96
223,69,158
224,69,20
225,69,159
226,69,160
227,69,24
228,69,26
229,69,161
230,69,29
231,69,162
232,69,54
233,69,163
234,69,31
235,69,87
236,69,164
237,69,34
238,69,165
239,69,64
240,69,166
241,69,167
242,69,168
243,69,169
244,69,170
245,69,46
246,69,171
247,69,172
248,69,47
249,69,173
250,69,174
251,133,175
252,133,38
253,133,133
254,133,176
255,133,177
256,133,104
257,133,82
258,133,178
259,133,22
260,133,179
261,133,180
262,133,39
263,133,17
264,133,181
265,133,182
266,133,183
267,133,184
268,133,185
269,133,18
270,133,96
271,133,20
272,133,186
273,133,24
274,133,26
275,133,12
276,133,187
277,133,67
278,133,29
279,133,31
280,133,34
281,133,69
282,133,188
283,133,61
284,133,46
285,133,189
286,133,47
287,133,93
288,133,190
289,135,175
290,135,22
291,135,179
292,135,180
293,135,39
294,135,17
295,135,181
296,135,182
297,135,38
298,135,133
299,135,176
300,135,177
301,135,3
302,135,104
303,135,82
304,135,178
305,135,2
306,135,191
307,135,192
308,135,193
309,135,11
310,135,6
311,135,13
312,135,183
313,135,184
314,135,185
315,135,18
316,135,96
317,135,20
318,135,186
319,135,24
320,135,25
321,135,26
322,135,12
323,135,187
324,135,84
325,135,67
326,135,29
327,135,30
328,135,4
329,135,31
330,135,32
331,135,34
332,135,69
333,135,188
334,135,37
335,135,61
336,135,40
337,135,41
338,135,42
339,135,44
340,135,46
341,135,189
342,135,8
343,135,47
344,135,194
345,135,50
346,135,93
347,135,190
348,97,195
349,97,196
350,97,197
351,97,198
352,97,51
353,97,199
354,97,200
355,97,52
356,97,201
357,97,68
358,97,202
359,97,58
360,97,203
361,97,57
362,97,60
363,97,17
364,97,204
365,97,18
366,97,205
367,97,206
368,97,113
369,97,96
370,97,20
371,97,207
372,97,22
373,97,208
374,97,209
375,97,186
376,97,210
377,97,211
378,97,24
379,97,26
380,97,12
381,97,212
382,97,213
383,97,67
384,97,65
385,97,62
386,97,63
387,97,29
388,97,76
389,97,54
390,97,4
391,97,71
392,97,73
393,97,163
394,97,2
395,97,31
396,97,72
397,97,214
398,97,215
399,97,216
400,97,34
401,97,217
402,97,69
403,97,166
404,97,61
405,97,38
406,97,39
407,97,218
408,97,42
409,97,219
410,97,220
411,97,44
412,97,46
413,97,221
414,97,171
415,97,81
416,97,222
417,97,182
418,97,223
419,97,224
420,97,93
421,97,225
422,86,199
423,86,176
424,86,181
425,86,115
426,86,166
427,86,134
428,86,31
429,86,226
430,86,136
431,86,227
432,86,107
433,86,17
434,86,119
435,86,228
436,86,122
437,86,59
438,86,141
439,86,18
440,86,138
441,86,113
442,86,139
443,86,20
444,86,211
445,86,140
446,86,24
447,86,12
448,86,229
449,86,67
450,86,29
451,86,124
452,86,34
453,86,230
454,86,109
455,86,143
456,86,38
457,86,111
458,86,123
459,86,46
460,86,221
461,86,144
462,86,231
463,86,47
464,86,232
465,86,182
466,86,118
467,86,126
468,86,233
469,86,93
470,41,135
471,41,234
472,41,79
473,41,179
474,41,235
475,41,82
476,41,236
477,41,197
478,41,221
479,41,206
480,41,237
481,41,89
482,41,164
483,41,18
484,41,238
485,41,22
486,41,24
487,41,165
488,41,33
489,41,6
490,41,168
491,41,68
492,41,36
493,41,69
494,41,28
495,41,203
496,41,34
497,41,93
498,41,72
499,41,20
500,41,239
501,41,48
502,41,202
503,41,98
504,75,133
505,75,240
506,75,241
507,75,103
508,75,242
509,75,243
510,75,244
511,75,245
512,75,131
513,75,108
514,75,246
515,75,247
516,75,182
517,75,248
518,75,17
519,75,185
520,75,204
521,75,18
522,75,20
523,75,106
524,75,120
525,75,211
526,75,24
527,75,26
528,75,27
529,75,187
530,75,212
531,75,67
532,75,65
533,75,62
534,75,29
535,75,73
536,75,249
537,75,31
538,75,112
539,75,214
540,75,250
541,75,34
542,75,127
543,75,251
544,75,252
545,75,130
546,75,253
547,75,219
548,75,46
549,75,128
550,75,254
551,75,222
552,75,93
553,75,255
554,82,40
555,82,3
556,82,133
557,82,135
558,82,2
559,82,77
560,82,30
561,82,128
562,82,256
563,82,257
564,82,258
565,82,259
566,82,11
567,82,50
568,82,4
569,82,260
570,82,16
571,82,17
572,82,18
573,82,206
574,82,75
575,82,20
576,82,22
577,82,24
578,82,25
579,82,26
580,82,12
581,82,27
582,82,29
583,82,54
584,82,31
585,82,32
586,82,250
587,82,34
588,82,127
589,82,251
590,82,37
591,82,38
592,82,41
593,82,44
594,82,13
595,82,261
596,82,46
597,82,8
598,82,262
599,82,194
600,29,176
601,29,263
602,29,264
603,29,177
604,29,265
605,29,129
606,29,191
607,29,179
608,29,38
609,29,171
610,29,266
611,29,238
612,29,130
613,29,187
614,29,31
615,29,113
616,29,114
617,29,18
618,29,181
619,29,116
620,29,12
621,29,26
622,29,267
623,29,20
624,29,268
625,29,160
626,29,121
627,29,67
628,29,122
629,29,123
630,29,37
631,29,13
632,29,85
633,29,34
634,29,168
635,29,24
636,29,29
637,29,70
638,29,92
639,29,269
640,63,53
641,63,61
642,63,2
643,63,4
644,63,18
645,63,62
646,63,63
647,63,64
648,63,22
649,63,65
650,63,54
651,63,66
652,63,67
653,63,24
654,63,59
655,63,68
656,63,58
657,63,69
658,63,34
659,63,70
660,63,71
661,63,72
662,63,73
663,63,20
664,63,74
665,63,76
666,63,77
667,99,270
668,99,271
669,99,105
670,99,78
671,99,272
672,99,273
673,99,106
674,99,18
675,99,274
676,99,275
677,99,276
678,99,137
679,99,155
680,99,87
681,99,277
682,99,278
683,99,44
684,99,42
685,99,187
686,99,31
687,99,112
688,99,113
689,99,114
690,99,115
691,99,116
692,99,12
693,99,117
694,99,118
695,99,20
696,99,212
697,99,119
698,99,120
699,99,107
700,99,211
701,99,121
702,99,84
703,99,83
704,99,249
705,99,67
706,99,111
707,99,109
708,99,122
709,99,123
710,99,6
711,99,279
712,99,34
713,99,24
714,99,29
715,99,280
716,99,127
717,99,281
718,99,282
719,99,132
720,99,254
721,99,142
722,65,51
723,65,52
724,65,53
725,65,54
726,65,55
727,65,56
728,65,57
729,65,58
730,65,59
731,65,60
732,65,61
733,65,2
734,65,4
735,65,18
736,65,62
737,65,63
738,65,64
739,65,22
740,65,65
741,65,66
742,65,67
743,65,24
744,65,44
745,65,68
746,65,69
747,65,203
748,65,34
749,65,70
750,65,71
751,65,72
752,65,73
753,65,219
754,65,20
755,65,74
756,65,75
757,65,76
758,65,77
759,36,73
760,36,283
761,36,284
762,36,285
763,36,196
764,36,176
765,36,286
766,36,240
767,36,287
768,36,288
769,36,181
770,36,166
771,36,289
772,36,290
773,36,291
774,36,262
775,36,292
776,36,180
777,36,293
778,36,186
779,36,294
780,36,17
781,36,184
782,36,18
783,36,138
784,36,52
785,36,113
786,36,139
787,36,75
788,36,20
789,36,22
790,36,159
791,36,115
792,36,208
793,36,210
794,36,211
795,36,24
796,36,26
797,36,12
798,36,57
799,36,187
800,36,212
801,36,68
802,36,67
803,36,65
804,36,62
805,36,63
806,36,29
807,36,76
808,36,54
809,36,4
810,36,71
811,36,163
812,36,2
813,36,31
814,36,215
815,36,216
816,36,34
817,36,217
818,36,69
819,36,131
820,36,188
821,36,58
822,36,252
823,36,37
824,36,295
825,36,279
826,36,61
827,36,38
828,36,39
829,36,122
830,36,296
831,36,253
832,36,123
833,36,42
834,36,219
835,36,44
836,36,13
837,36,170
838,36,46
839,36,81
840,36,231
841,36,222
842,36,48
843,36,297
844,36,201
845,36,182
846,36,223
847,36,60
848,36,298
849,36,190
850,130,276
851,130,287
852,130,133
853,130,78
854,130,299
855,130,179
856,130,118
857,130,300
858,130,107
859,130,204
860,130,124
861,130,238
862,130,12
863,130,228
864,130,301
865,130,111
866,130,43
867,130,302
868,130,44
869,130,17
870,130,18
871,130,138
872,130,139
873,130,20
874,130,242
875,130,115
876,130,303
877,130,140
878,130,24
879,130,26
880,130,27
881,130,67
882,130,29
883,130,2
884,130,31
885,130,72
886,130,304
887,130,250
888,130,34
889,130,305
890,130,109
891,130,252
892,130,37
893,130,38
894,130,122
895,130,253
896,130,123
897,130,246
898,130,248
899,130,42
900,130,306
901,130,13
902,130,46
903,130,189
904,130,307
905,130,132
906,130,308
907,130,309
908,130,182
909,130,223
910,130,310
911,130,126
912,130,311
913,60,105
914,60,197
915,60,196
916,60,106
917,60,274
918,60,12
919,60,67
920,60,130
921,60,111
922,60,312
923,60,182
924,60,17
925,60,185
926,60,18
927,60,138
928,60,205
929,60,113
930,60,139
931,60,20
932,60,242
933,60,22
934,60,115
935,60,24
936,60,187
937,60,29
938,60,124
939,60,31
940,60,34
941,60,142
942,60,58
943,60,166
944,60,109
945,60,279
946,60,38
947,60,122
948,60,123
949,60,46
950,60,221
951,60,222
952,60,47
953,60,223
954,60,118
955,60,126
956,78,229
957,78,313
958,78,92
959,78,133
960,78,82
961,78,176
962,78,177
963,78,314
964,78,315
965,78,6
966,78,316
967,78,275
968,78,317
969,78,17
970,78,318
971,78,253
972,78,319
973,78,320
974,78,44
975,78,42
976,78,170
977,78,99
978,78,31
979,78,114
980,78,18
981,78,181
982,78,116
983,78,26
984,78,321
985,78,20
986,78,22
987,78,322
988,78,121
989,78,323
990,78,87
991,78,67
992,78,252
993,78,205
994,78,34
995,78,24
996,78,29
997,78,39
998,78,70
999,78,36
1000,78,324
1001,78,282
1002,78,41
1003,78,230
1004,78,295
1005,78,254
1006,78,325
1007,68,78
1008,68,326
1009,68,85
1010,68,327
1011,68,83
1012,68,328
1013,68,81
1014,68,329
1015,68,212
1016,68,242
1017,68,14
1018,68,251
1019,68,182
1020,68,330
1021,68,112
1022,68,4
1023,68,18
1024,68,62
1025,68,63
1026,68,187
1027,68,65
1028,68,67
1029,68,24
1030,68,120
1031,68,253
1032,68,44
1033,68,42
1034,68,252
1035,68,248
1036,68,246
1037,68,92
1038,68,34
1039,68,73
1040,68,219
1041,68,94
1042,68,95
1043,68,331
1044,68,20
1045,68,209
1046,68,76
1047,68,332
1048,68,333
1049,68,334
1050,127,133
1051,127,272
1052,127,85
1053,127,326
1054,127,83
1055,127,14
1056,127,17
1057,127,281
1058,127,172
1059,127,87
1060,127,95
1061,127,212
1062,127,329
1063,127,112
1064,127,18
1065,127,21
1066,127,187
1067,127,24
1068,127,120
1069,127,131
1070,127,44
1071,127,42
1072,127,248
1073,127,246
1074,127,127
1075,127,34
1076,127,306
1077,127,219
1078,127,20
1079,127,84
1080,127,335
1081,127,336
1082,127,48
1083,127,333
1084,89,196
1085,89,200
1086,89,272
1087,89,185
1088,89,198
1089,89,337
1090,89,106
1091,89,338
1092,89,171
1093,89,168
1094,89,174
1095,89,257
1096,89,339
1097,89,340
1098,89,341
1099,89,342
1100,89,17
1101,89,204
1102,89,18
1103,89,157
1104,89,206
1105,89,113
1106,89,20
1107,89,207
1108,89,22
1109,89,120
1110,89,211
1111,89,160
1112,89,24
1113,89,26
1114,89,12
1115,89,27
1116,89,187
1117,89,212
1118,89,68
1119,89,67
1120,89,65
1121,89,62
1122,89,63
1123,89,29
1124,89,76
1125,89,73
1126,89,92
1127,89,31
1128,89,112
1129,89,72
1130,89,129
1131,89,215
1132,89,304
1133,89,34
1134,89,165
1135,89,69
1136,89,252
1137,89,37
1138,89,38
1139,89,253
1140,89,42
1141,89,219
1142,89,44
1143,89,13
1144,89,46
1145,89,221
1146,89,307
1147,89,81
1148,89,172
1149,89,222
1150,89,308
1151,89,343
1152,89,93
1153,119,1
1154,119,177
1155,119,135
1156,119,138
1157,119,344
1158,119,6
1159,119,226
1160,119,276
1161,119,124
1162,119,345
1163,119,313
1164,119,346
1165,119,44
1166,119,42
1167,119,31
1168,119,114
1169,119,18
1170,119,115
1171,119,116
1172,119,12
1173,119,117
1174,119,118
1175,119,20
1176,119,22
1177,119,119
1178,119,322
1179,119,106
1180,119,121
1181,119,229
1182,119,87
1183,119,67
1184,119,111
1185,119,109
1186,119,122
1187,119,123
1188,119,34
1189,119,24
1190,119,29
1191,119,126
1192,119,92
1193,119,132
1194,119,230
1195,119,325
1196,129,287
1197,129,133
1198,129,276
1199,118,1
1200,118,177
1201,118,135
1202,118,138
1203,118,344
1204,118,6
1205,118,226
1206,118,276
1207,118,124
1208,118,345
1209,118,313
1210,118,346
1211,118,31
1212,118,114
1213,118,18
1214,118,115
1215,118,116
1216,118,12
1217,118,117
1218,118,118
1219,118,20
1220,118,22
1221,118,119
1222,118,322
1223,118,106
1224,118,121
1225,118,229
1226,118,87
1227,118,67
1228,118,111
1229,118,109
1230,118,122
1231,118,123
1232,118,34
1233,118,24
1234,118,29
1235,118,126
1236,118,92
1237,118,132
1238,118,230
1239,118,325
1240,3,347
1241,3,133
1242,3,176
1243,3,145
1244,3,146
1245,3,348
1246,3,349
1247,3,154
1248,3,149
1249,3,148
1250,3,162
1251,3,17
1252,3,152
1253,3,350
1254,3,351
1255,3,156
1256,3,170
1257,3,181
1258,3,204
1259,3,18
1260,3,157
1261,3,96
1262,3,20
1263,3,242
1264,3,159
1265,3,160
1266,3,24
1267,3,26
1268,3,161
1269,3,84
1270,3,67
1271,3,29
1272,3,163
1273,3,92
1274,3,249
1275,3,31
1276,3,87
1277,3,34
1278,3,165
1279,3,64
1280,3,279
1281,3,38
1282,3,130
1283,3,167
1284,3,352
1285,3,168
1286,3,246
1287,3,42
1288,3,353
1289,3,169
1290,3,44
1291,3,46
1292,3,189
1293,3,171
1294,3,81
1295,3,47
1296,3,173
1297,3,182
1298,3,93
1299,136,175
1300,136,22
1301,136,180
1302,136,39
1303,136,17
1304,136,181
1305,136,182
1306,136,38
1307,136,133
1308,136,176
1309,136,177
1310,136,314
1311,136,104
1312,136,82
1313,136,178
1314,136,354
1315,136,179
1316,136,355
1317,136,317
1318,136,356
1319,136,204
1320,136,319
1321,136,183
1322,136,184
1323,136,185
1324,136,18
1325,136,96
1326,136,20
1327,136,315
1328,136,186
1329,136,24
1330,136,26
1331,136,12
1332,136,187
1333,136,67
1334,136,29
1335,136,31
1336,136,34
1337,136,321
1338,136,69
1339,136,188
1340,136,36
1341,136,252
1342,136,61
1343,136,253
1344,136,42
1345,136,324
1346,136,44
1347,136,46
1348,136,189
1349,136,47
1350,136,357
1351,136,223
1352,136,310
1353,136,358
1354,136,93
1355,136,190
1356,39,288
1357,39,294
1358,39,198
1359,39,181
1360,39,286
1361,39,196
1362,39,180
1363,39,240
1364,39,359
1365,39,175
1366,39,360
1367,39,361
1368,39,362
1369,39,121
1370,39,31
1371,39,67
1372,39,363
1373,39,128
1374,39,188
1375,39,182
1376,39,17
1377,39,184
1378,39,18
1379,39,138
1380,39,113
1381,39,96
1382,39,139
1383,39,20
1384,39,22
1385,39,159
1386,39,115
1387,39,208
1388,39,186
1389,39,211
1390,39,24
1391,39,26
1392,39,12
1393,39,27
1394,39,57
1395,39,187
1396,39,212
1397,39,68
1398,39,65
1399,39,62
1400,39,63
1401,39,29
1402,39,76
1403,39,54
1404,39,4
1405,39,71
1406,39,73
1407,39,163
1408,39,2
1409,39,72
1410,39,214
1411,39,304
1412,39,216
1413,39,34
1414,39,69
1415,39,131
1416,39,64
1417,39,58
1418,39,166
1419,39,143
1420,39,252
1421,39,37
1422,39,295
1423,39,279
1424,39,61
1425,39,38
1426,39,39
1427,39,122
1428,39,296
1429,39,203
1430,39,253
1431,39,123
1432,39,41
1433,39,13
1434,39,170
1435,39,46
1436,39,262
1437,39,81
1438,39,231
1439,39,222
1440,39,297
1441,39,343
1442,39,201
1443,39,223
1444,39,190
1445,39,225
1446,84,1
1447,84,176
1448,84,82
1449,84,364
1450,84,5
1451,84,336
1452,84,6
1453,84,231
1454,84,365
1455,84,87
1456,84,9
1457,84,223
1458,84,302
1459,84,17
1460,84,185
1461,84,18
1462,84,205
1463,84,19
1464,84,113
1465,84,20
1466,84,21
1467,84,22
1468,84,24
1469,84,26
1470,84,12
1471,84,67
1472,84,29
1473,84,31
1474,84,34
1475,84,35
1476,84,38
1477,84,39
1478,84,45
1479,84,46
1480,84,81
1481,84,172
1482,84,182
1483,84,88
1484,84,325
1485,13,263
1486,13,366
1487,13,194
1488,13,20
1489,45,367
1490,45,149
1491,45,150
1492,45,148
1493,45,165
1494,45,171
1495,45,284
1496,45,167
1497,45,289
1498,45,347
1499,45,234
1500,45,146
1501,45,151
1502,45,152
1503,45,348
1504,45,181
1505,45,18
1506,45,157
1507,45,96
1508,45,20
1509,45,159
1510,45,211
1511,45,160
1512,45,24
1513,45,26
1514,45,161
1515,45,67
1516,45,29
1517,45,162
1518,45,71
1519,45,163
1520,45,31
1521,45,87
1522,45,34
1523,45,64
1524,45,38
1525,45,368
1526,45,168
1527,45,42
1528,45,169
1529,45,44
1530,45,170
1531,45,46
1532,45,99
1533,45,47
1534,45,173
1535,45,174
1536,59,316
1537,59,38
1538,59,6
1539,59,355
1540,59,369
1541,59,238
1542,59,17
1543,59,189
1544,59,295
1545,59,370
1546,59,319
1547,59,314
1548,59,78
1549,59,371
1550,59,179
1551,59,372
1552,59,252
1553,59,181
1554,59,204
1555,59,18
1556,59,192
1557,59,113
1558,59,317
1559,59,20
1560,59,21
1561,59,242
1562,59,373
1563,59,22
1564,59,315
1565,59,24
1566,59,26
1567,59,187
1568,59,374
1569,59,67
1570,59,29
1571,59,31
1572,59,250
1573,59,34
1574,59,321
1575,59,305
1576,59,188
1577,59,36
1578,59,253
1579,59,41
1580,59,42
1581,59,306
1582,59,324
1583,59,44
1584,59,95
1585,59,170
1586,59,46
1587,59,375
1588,59,182
1589,59,310
1590,59,358
1591,59,93
1592,73,376
1593,73,263
1594,73,105
1595,73,151
1596,73,147
1597,73,135
1598,73,138
1599,73,257
1600,73,274
1601,73,207
1602,73,340
1603,73,92
1604,73,109
1605,73,174
1606,73,111
1607,73,204
1608,73,18
1609,73,157
1610,73,206
1611,73,113
1612,73,158
1613,73,139
1614,73,20
1615,73,22
1616,73,115
1617,73,106
1618,73,160
1619,73,24
1620,73,12
1621,73,29
1622,73,71
1623,73,31
1624,73,87
1625,73,129
1626,73,339
1627,73,34
1628,73,142
1629,73,165
1630,73,122
1631,73,123
1632,73,168
1633,73,42
1634,73,44
1635,73,46
1636,73,221
1637,73,171
1638,73,81
1639,73,47
1640,73,232
1641,73,118
1642,73,126
1643,73,377
1644,73,325
1645,44,234
1646,44,146
1647,44,151
1648,44,152
1649,44,367
1650,44,149
1651,44,150
1652,44,148
1653,44,165
1654,44,171
1655,44,284
1656,44,167
1657,44,289
1658,44,347
1659,44,181
1660,44,18
1661,44,157
1662,44,96
1663,44,20
1664,44,159
1665,44,160
1666,44,24
1667,44,26
1668,44,161
1669,44,29
1670,44,162
1671,44,163
1672,44,31
1673,44,87
1674,44,34
1675,44,64
1676,44,38
1677,44,368
1678,44,168
1679,44,169
1680,44,170
1681,44,46
1682,44,173
1683,44,348
1684,5,264
1685,5,176
1686,5,314
1687,5,378
1688,5,379
1689,5,355
1690,5,86
1691,5,252
1692,5,204
1693,5,318
1694,5,319
1695,5,17
1696,5,18
1697,5,317
1698,5,20
1699,5,22
1700,5,120
1701,5,315
1702,5,211
1703,5,303
1704,5,24
1705,5,26
1706,5,187
1707,5,84
1708,5,212
1709,5,268
1710,5,67
1711,5,65
1712,5,62
1713,5,29
1714,5,380
1715,5,31
1716,5,112
1717,5,87
1718,5,301
1719,5,34
1720,5,321
1721,5,238
1722,5,305
1723,5,36
1724,5,38
1725,5,253
1726,5,381
1727,5,306
1728,5,324
1729,5,219
1730,5,46
1731,5,189
1732,5,222
1733,5,47
1734,5,310
1735,5,382
1736,144,79
1737,144,383
1738,144,384
1739,144,54
1740,144,134
1741,144,6
1742,144,7
1743,144,35
1744,144,385
1745,144,10
1746,144,122
1747,144,141
1748,144,43
1749,144,221
1750,144,123
1751,144,386
1752,144,17
1753,144,18
1754,144,138
1755,144,20
1756,144,21
1757,144,22
1758,144,115
1759,144,23
1760,144,140
1761,144,24
1762,144,26
1763,144,12
1764,144,27
1765,144,28
1766,144,89
1767,144,29
1768,144,4
1769,144,31
1770,144,33
1771,144,34
1772,144,143
1773,144,38
1774,144,42
1775,144,44
1776,144,45
1777,144,46
1778,144,189
1779,144,144
1780,144,47
1781,144,48
1782,144,182
1783,144,233
1784,144,88
1785,27,264
1786,27,240
1787,27,263
1788,27,104
1789,27,103
1790,27,387
1791,27,388
1792,27,242
1793,27,22
1794,27,265
1795,27,6
1796,27,86
1797,27,187
1798,27,128
1799,27,87
1800,27,27
1801,27,246
1802,27,17
1803,27,185
1804,27,18
1805,27,205
1806,27,113
1807,27,20
1808,27,21
1809,27,273
1810,27,106
1811,27,120
1812,27,211
1813,27,24
1814,27,26
1815,27,84
1816,27,212
1817,27,268
1818,27,67
1819,27,29
1820,27,92
1821,27,249
1822,27,31
1823,27,112
1824,27,125
1825,27,164
1826,27,34
1827,27,281
1828,27,131
1829,27,279
1830,27,130
1831,27,248
1832,27,46
1833,27,389
1834,27,244
1835,27,81
1836,27,390
1837,27,254
1838,27,222
1839,27,182
1840,27,223
1841,27,358
1842,27,325
1843,27,93
1844,21,1
1845,21,176
1846,21,78
1847,21,391
1848,21,364
1849,21,21
1850,21,235
1851,21,17
1852,21,6
1853,21,85
1854,21,10
1855,21,9
1856,21,94
1857,21,26
1858,21,18
1859,21,12
1860,21,66
1861,21,20
1862,21,31
1863,21,116
1864,21,113
1865,21,80
1866,21,84
1867,21,24
1868,21,29
1869,21,202
1870,21,5
1871,21,28
1872,21,34
1873,21,33
1874,21,392
1875,105,133
1876,105,176
1877,105,177
1878,105,78
1879,105,84
1880,105,199
1881,105,14
1882,105,242
1883,105,83
1884,105,85
1885,105,393
1886,105,87
1887,105,182
1888,105,394
1889,105,212
1890,105,112
1891,105,122
1892,105,18
1893,105,327
1894,105,62
1895,105,22
1896,105,187
1897,105,65
1898,105,67
1899,105,24
1900,105,120
1901,105,131
1902,105,253
1903,105,44
1904,105,115
1905,105,130
1906,105,42
1907,105,250
1908,105,252
1909,105,248
1910,105,246
1911,105,127
1912,105,34
1913,105,70
1914,105,93
1915,105,306
1916,105,219
1917,105,123
1918,105,20
1919,105,7
1920,105,358
1921,105,395
1922,105,334
1923,35,286
1924,35,288
1925,35,294
1926,35,181
1927,35,287
1928,35,196
1929,35,180
1930,35,176
1931,35,240
1932,35,186
1933,35,166
1934,35,293
1935,35,285
1936,35,73
1937,35,289
1938,35,262
1939,35,283
1940,35,290
1941,35,291
1942,35,284
1943,35,292
1944,35,17
1945,35,184
1946,35,18
1947,35,138
1948,35,52
1949,35,113
1950,35,139
1951,35,75
1952,35,20
1953,35,22
1954,35,159
1955,35,115
1956,35,208
1957,35,210
1958,35,211
1959,35,24
1960,35,26
1961,35,12
1962,35,57
1963,35,187
1964,35,212
1965,35,68
1966,35,67
1967,35,65
1968,35,62
1969,35,63
1970,35,29
1971,35,76
1972,35,54
1973,35,4
1974,35,71
1975,35,163
1976,35,2
1977,35,31
1978,35,215
1979,35,216
1980,35,34
1981,35,217
1982,35,69
1983,35,131
1984,35,188
1985,35,58
1986,35,252
1987,35,37
1988,35,295
1989,35,279
1990,35,61
1991,35,38
1992,35,39
1993,35,122
1994,35,296
1995,35,253
1996,35,123
1997,35,13
1998,35,170
1999,35,46
2000,35,81
2001,35,231
2002,35,222
2003,35,48
2004,35,297
2005,35,201
2006,35,182
2007,35,223
2008,35,298
2009,35,190
2010,122,383
2011,122,378
2012,122,221
2013,122,133
2014,122,197
2015,122,206
2016,122,181
2017,122,51
2018,122,74
2019,122,396
2020,122,18
2021,122,131
2022,122,52
2023,122,363
2024,122,4
2025,122,54
2026,122,59
2027,122,323
2028,122,71
2029,122,58
2030,122,199
2031,122,57
2032,122,61
2033,122,2
2034,122,212
2035,122,295
2036,122,62
2037,122,63
2038,122,64
2039,122,65
2040,122,67
2041,122,24
2042,122,44
2043,122,115
2044,122,42
2045,122,68
2046,122,60
2047,122,170
2048,122,37
2049,122,69
2050,122,127
2051,122,203
2052,122,34
2053,122,72
2054,122,397
2055,122,73
2056,122,219
2057,122,13
2058,122,331
2059,122,20
2060,122,398
2061,122,399
2062,122,75
2063,122,76
2064,122,202
2065,122,400
2066,122,97
2067,122,233
2068,143,401
2069,143,175
2070,143,360
2071,143,362
2072,143,257
2073,143,211
2074,143,73
2075,143,276
2076,143,183
2077,143,402
2078,143,133
2079,143,240
2080,143,403
2081,143,404
2082,143,179
2083,143,114
2084,143,29
2085,143,31
2086,143,238
2087,143,67
2088,143,251
2089,143,279
2090,143,254
2091,143,271
2092,143,312
2093,143,341
2094,143,42
2095,143,17
2096,143,181
2097,143,185
2098,143,18
2099,143,96
2100,143,139
2101,143,20
2102,143,242
2103,143,115
2104,143,120
2105,143,24
2106,143,26
2107,143,12
2108,143,27
2109,143,187
2110,143,212
2111,143,68
2112,143,65
2113,143,62
2114,143,63
2115,143,162
2116,143,249
2117,143,112
2118,143,214
2119,143,250
2120,143,339
2121,143,34
2122,143,69
2123,143,188
2124,143,166
2125,143,109
2126,143,252
2127,143,37
2128,143,38
2129,143,122
2130,143,253
2131,143,123
2132,143,41
2133,143,246
2134,143,306
2135,143,219
2136,143,44
2137,143,13
2138,143,170
2139,143,46
2140,143,244
2141,143,375
2142,143,231
2143,143,222
2144,143,182
2145,143,49
2146,143,93
2147,143,255
2148,123,82
2149,123,78
2150,123,387
2151,123,84
2152,123,235
2153,123,66
2154,123,336
2155,123,86
2156,123,85
2157,123,6
2158,123,89
2159,123,281
2160,123,87
2161,123,17
2162,123,204
2163,123,18
2164,123,19
2165,123,405
2166,123,113
2167,123,96
2168,123,158
2169,123,20
2170,123,21
2171,123,22
2172,123,23
2173,123,24
2174,123,26
2175,123,12
2176,123,212
2177,123,28
2178,123,29
2179,123,4
2180,123,31
2181,123,34
2182,123,35
2183,123,38
2184,123,39
2185,123,370
2186,123,42
2187,123,406
2188,123,44
2189,123,95
2190,123,46
2191,123,407
2192,123,408
2193,123,172
2194,123,48
2195,123,377
2196,57,211
2197,57,264
2198,57,78
2199,57,85
2200,57,265
2201,57,205
2202,57,409
2203,57,202
2204,57,410
2205,57,391
2206,57,302
2207,57,411
2208,57,95
2209,57,257
2210,57,249
2211,57,306
2212,57,412
2213,57,17
2214,57,204
2215,57,18
2216,57,19
2217,57,113
2218,57,20
2219,57,242
2220,57,22
2221,57,120
2222,57,209
2223,57,24
2224,57,26
2225,57,12
2226,57,187
2227,57,212
2228,57,28
2229,57,268
2230,57,329
2231,57,67
2232,57,65
2233,57,62
2234,57,63
2235,57,29
2236,57,162
2237,57,76
2238,57,73
2239,57,92
2240,57,31
2241,57,112
2242,57,72
2243,57,339
2244,57,34
2245,57,131
2246,57,166
2247,57,37
2248,57,38
2249,57,370
2250,57,246
2251,57,248
2252,57,42
2253,57,324
2254,57,219
2255,57,44
2256,57,13
2257,57,46
2258,57,307
2259,57,244
2260,57,408
2261,57,231
2262,57,222
2263,57,308
2264,57,182
2265,57,223
2266,57,325
2267,57,93
2268,50,104
2269,50,264
2270,50,176
2271,50,413
2272,50,185
2273,50,242
2274,50,414
2275,50,86
2276,50,27
2277,50,187
2278,50,130
2279,50,246
2280,50,334
2281,50,17
2282,50,181
2283,50,6
2284,50,18
2285,50,113
2286,50,20
2287,50,106
2288,50,120
2289,50,24
2290,50,26
2291,50,268
2292,50,213
2293,50,67
2294,50,29
2295,50,108
2296,50,249
2297,50,31
2298,50,112
2299,50,87
2300,50,34
2301,50,131
2302,50,38
2303,50,370
2304,50,168
2305,50,248
2306,50,46
2307,50,389
2308,50,244
2309,50,231
2310,50,182
2311,50,223
2312,50,358
2313,50,325
2314,50,93
2315,95,108
2316,95,133
2317,95,243
2318,95,272
2319,95,379
2320,95,93
2321,95,112
2322,95,382
2323,95,257
2324,95,389
2325,95,131
2326,95,187
2327,95,70
2328,95,248
2329,95,182
2330,95,415
2331,95,18
2332,95,24
2333,95,120
2334,95,245
2335,95,250
2336,95,246
2337,95,305
2338,95,34
2339,95,72
2340,95,20
2341,95,358
2342,95,298
2343,56,175
2344,56,264
2345,56,78
2346,56,85
2347,56,265
2348,56,205
2349,56,409
2350,56,202
2351,56,410
2352,56,391
2353,56,302
2354,56,95
2355,56,257
2356,56,249
2357,56,306
2358,56,412
2359,56,17
2360,56,204
2361,56,18
2362,56,19
2363,56,113
2364,56,20
2365,56,242
2366,56,22
2367,56,120
2368,56,209
2369,56,211
2370,56,24
2371,56,26
2372,56,12
2373,56,187
2374,56,212
2375,56,28
2376,56,268
2377,56,329
2378,56,67
2379,56,65
2380,56,62
2381,56,63
2382,56,29
2383,56,162
2384,56,76
2385,56,73
2386,56,92
2387,56,31
2388,56,112
2389,56,72
2390,56,339
2391,56,34
2392,56,166
2393,56,37
2394,56,38
2395,56,370
2396,56,246
2397,56,248
2398,56,324
2399,56,219
2400,56,46
2401,56,307
2402,56,231
2403,56,222
2404,56,308
2405,56,182
2406,56,223
2407,56,325
2408,56,93
2409,19,133
2410,19,177
2411,19,82
2412,19,85
2413,19,179
2414,19,416
2415,19,17
2416,19,391
2417,19,238
2418,19,414
2419,19,390
2420,19,182
2421,19,223
2422,19,94
2423,19,26
2424,19,72
2425,19,122
2426,19,123
2427,19,18
2428,19,12
2429,19,70
2430,19,37
2431,19,13
2432,19,187
2433,19,69
2434,19,66
2435,19,417
2436,19,168
2437,19,20
2438,19,31
2439,19,116
2440,19,113
2441,19,75
2442,19,24
2443,19,2
2444,19,29
2445,19,163
2446,19,202
2447,19,5
2448,19,34
2449,19,418
2450,19,326
2451,100,8
2452,100,133
2453,100,3
2454,100,32
2455,100,256
2456,100,103
2457,100,257
2458,100,75
2459,100,22
2460,100,30
2461,100,245
2462,100,4
2463,100,258
2464,100,11
2465,100,247
2466,100,128
2467,100,419
2468,100,17
2469,100,6
2470,100,18
2471,100,113
2472,100,20
2473,100,24
2474,100,25
2475,100,12
2476,100,213
2477,100,29
2478,100,2
2479,100,31
2480,100,72
2481,100,34
2482,100,37
2483,100,38
2484,100,40
2485,100,41
2486,100,13
2487,100,46
2488,100,182
2489,100,194
2490,100,50
2491,94,420
2492,94,394
2493,94,376
2494,94,402
2495,94,206
2496,94,197
2497,94,421
2498,94,422
2499,94,307
2500,94,93
2501,94,207
2502,94,210
2503,94,414
2504,94,304
2505,94,69
2506,94,423
2507,94,74
2508,94,204
2509,94,18
2510,94,157
2511,94,113
2512,94,20
2513,94,115
2514,94,211
2515,94,160
2516,94,24
2517,94,26
2518,94,12
2519,94,212
2520,94,268
2521,94,213
2522,94,67
2523,94,65
2524,94,62
2525,94,63
2526,94,29
2527,94,76
2528,94,71
2529,94,73
2530,94,2
2531,94,92
2532,94,31
2533,94,72
2534,94,129
2535,94,215
2536,94,216
2537,94,339
2538,94,34
2539,94,321
2540,94,217
2541,94,165
2542,94,64
2543,94,58
2544,94,166
2545,94,37
2546,94,203
2547,94,168
2548,94,424
2549,94,42
2550,94,219
2551,94,220
2552,94,44
2553,94,13
2554,94,46
2555,94,221
2556,94,171
2557,94,81
2558,94,222
2559,94,425
2560,94,343
2561,94,201
2562,94,174
2563,94,377
2564,94,225
2565,92,402
2566,92,206
2567,92,197
2568,92,421
2569,92,422
2570,92,307
2571,92,93
2572,92,207
2573,92,210
2574,92,414
2575,92,304
2576,92,69
2577,92,423
2578,92,74
2579,92,204
2580,92,18
2581,92,157
2582,92,113
2583,92,20
2584,92,115
2585,92,160
2586,92,24
2587,92,26
2588,92,12
2589,92,213
2590,92,65
2591,92,62
2592,92,63
2593,92,29
2594,92,71
2595,92,92
2596,92,31
2597,92,72
2598,92,215
2599,92,216
2600,92,339
2601,92,34
2602,92,321
2603,92,217
2604,92,165
2605,92,64
2606,92,58
2607,92,37
2608,92,203
2609,92,168
2610,92,220
2611,92,13
2612,92,46
2613,92,221
2614,92,171
2615,92,425
2616,92,343
2617,92,201
2618,92,174
2619,92,377
2620,91,426
2621,91,129
2622,91,125
2623,91,78
2624,91,118
2625,91,135
2626,91,136
2627,91,18
2628,91,127
2629,91,122
2630,91,110
2631,91,111
2632,91,133
2633,91,105
2634,91,102
2635,91,134
2636,91,144
2637,91,137
2638,91,17
2639,91,204
2640,91,138
2641,91,139
2642,91,20
2643,91,22
2644,91,115
2645,91,106
2646,91,140
2647,91,24
2648,91,12
2649,91,141
2650,91,229
2651,91,67
2652,91,29
2653,91,4
2654,91,108
2655,91,124
2656,91,92
2657,91,31
2658,91,34
2659,91,230
2660,91,142
2661,91,109
2662,91,143
2663,91,38
2664,91,123
2665,91,42
2666,91,44
2667,91,46
2668,91,47
2669,70,145
2670,70,146
2671,70,147
2672,70,148
2673,70,149
2674,70,150
2675,70,151
2676,70,81
2677,70,152
2678,70,153
2679,70,154
2680,70,92
2681,70,155
2682,70,156
2683,70,18
2684,70,157
2685,70,113
2686,70,96
2687,70,158
2688,70,20
2689,70,22
2690,70,159
2691,70,160
2692,70,24
2693,70,26
2694,70,161
2695,70,67
2696,70,29
2697,70,162
2698,70,54
2699,70,163
2700,70,31
2701,70,87
2702,70,164
2703,70,34
2704,70,165
2705,70,64
2706,70,166
2707,70,167
2708,70,168
2709,70,169
2710,70,170
2711,70,46
2712,70,171
2713,70,407
2714,70,172
2715,70,47
2716,70,173
2717,70,174
2718,148,147
2719,148,78
2720,148,299
2721,148,2
2722,148,303
2723,148,6
2724,148,155
2725,148,228
2726,148,427
2727,148,59
2728,148,12
2729,148,301
2730,148,306
2731,148,44
2732,148,17
2733,148,18
2734,148,138
2735,148,139
2736,148,317
2737,148,20
2738,148,22
2739,148,115
2740,148,24
2741,148,26
2742,148,67
2743,148,29
2744,148,4
2745,148,124
2746,148,31
2747,148,250
2748,148,34
2749,148,305
2750,148,109
2751,148,252
2752,148,37
2753,148,38
2754,148,122
2755,148,253
2756,148,111
2757,148,123
2758,148,42
2759,148,13
2760,148,428
2761,148,46
2762,148,221
2763,148,47
2764,148,309
2765,148,382
2766,148,311
2767,7,133
2768,7,177
2769,7,105
2770,7,102
2771,7,388
2772,7,179
2773,7,138
2774,7,18
2775,7,12
2776,7,228
2777,7,110
2778,7,127
2779,7,111
2780,7,429
2781,7,17
2782,7,139
2783,7,20
2784,7,115
2785,7,106
2786,7,211
2787,7,24
2788,7,187
2789,7,212
2790,7,68
2791,7,67
2792,7,63
2793,7,29
2794,7,31
2795,7,34
2796,7,142
2797,7,109
2798,7,143
2799,7,38
2800,7,122
2801,7,123
2802,7,430
2803,7,46
2804,7,221
2805,7,128
2806,7,222
2807,7,47
2808,7,232
2809,7,182
2810,7,118
2811,7,126
2812,25,431
2813,25,288
2814,25,432
2815,25,203
2816,25,181
2817,25,3
2818,25,177
2819,25,176
2820,25,82
2821,25,2
2822,25,66
2823,25,30
2824,25,433
2825,25,256
2826,25,6
2827,25,70
2828,25,11
2829,25,37
2830,25,4
2831,25,13
2832,25,17
2833,25,184
2834,25,18
2835,25,113
2836,25,294
2837,25,96
2838,25,75
2839,25,20
2840,25,22
2841,25,208
2842,25,211
2843,25,24
2844,25,25
2845,25,12
2846,25,187
2847,25,212
2848,25,67
2849,25,62
2850,25,29
2851,25,54
2852,25,163
2853,25,31
2854,25,32
2855,25,34
2856,25,166
2857,25,109
2858,25,295
2859,25,38
2860,25,370
2861,25,40
2862,25,41
2863,25,46
2864,25,8
2865,25,81
2866,25,222
2867,25,223
2868,25,194
2869,25,190
2870,25,434
2871,71,145
2872,71,148
2873,71,152
2874,71,154
2875,71,360
2876,71,362
2877,71,361
2878,71,153
2879,71,156
2880,71,169
2881,71,90
2882,71,204
2883,71,18
2884,71,157
2885,71,113
2886,71,96
2887,71,158
2888,71,20
2889,71,22
2890,71,159
2891,71,160
2892,71,24
2893,71,26
2894,71,161
2895,71,67
2896,71,29
2897,71,162
2898,71,54
2899,71,163
2900,71,92
2901,71,31
2902,71,87
2903,71,164
2904,71,34
2905,71,165
2906,71,64
2907,71,166
2908,71,167
2909,71,168
2910,71,42
2911,71,44
2912,71,170
2913,71,46
2914,71,171
2915,71,81
2916,71,407
2917,71,172
2918,71,47
2919,71,173
2920,71,174
2921,4,264
2922,4,176
2923,4,314
2924,4,378
2925,4,379
2926,4,355
2927,4,86
2928,4,252
2929,4,204
2930,4,317
2931,4,318
2932,4,319
2933,4,17
2934,4,18
2935,4,20
2936,4,273
2937,4,22
2938,4,120
2939,4,315
2940,4,211
2941,4,303
2942,4,24
2943,4,26
2944,4,187
2945,4,84
2946,4,212
2947,4,268
2948,4,67
2949,4,65
2950,4,62
2951,4,29
2952,4,380
2953,4,31
2954,4,112
2955,4,87
2956,4,301
2957,4,34
2958,4,321
2959,4,238
2960,4,305
2961,4,36
2962,4,38
2963,4,253
2964,4,381
2965,4,306
2966,4,324
2967,4,219
2968,4,46
2969,4,189
2970,4,222
2971,4,47
2972,4,310
2973,4,382
2974,120,133
2975,120,272
2976,120,105
2977,120,206
2978,120,227
2979,120,22
2980,120,274
2981,120,52
2982,120,4
2983,120,435
2984,120,58
2985,120,109
2986,120,56
2987,120,111
2988,120,2
2989,120,232
2990,120,122
2991,120,18
2992,120,54
2993,120,24
2994,120,138
2995,120,245
2996,120,115
2997,120,59
2998,120,37
2999,120,118
3000,120,259
3001,120,34
3002,120,71
3003,120,124
3004,120,123
3005,120,13
3006,120,20
3007,120,77
3008,120,132
3009,48,133
3010,48,198
3011,48,135
3012,48,51
3013,48,149
3014,48,52
3015,48,150
3016,48,406
3017,48,148
3018,48,164
3019,48,68
3020,48,237
3021,48,58
3022,48,17
3023,48,6
3024,48,18
3025,48,157
3026,48,405
3027,48,206
3028,48,113
3029,48,158
3030,48,20
3031,48,22
3032,48,210
3033,48,160
3034,48,24
3035,48,26
3036,48,29
3037,48,31
3038,48,129
3039,48,216
3040,48,34
3041,48,165
3042,48,64
3043,48,39
3044,48,168
3045,48,170
3046,48,46
3047,48,171
3048,48,407
3049,48,172
3050,48,223
3051,48,377
3052,48,225
3053,134,175
3054,134,22
3055,134,179
3056,134,180
3057,134,39
3058,134,17
3059,134,181
3060,134,182
3061,134,38
3062,134,133
3063,134,176
3064,134,177
3065,134,105
3066,134,104
3067,134,82
3068,134,178
3069,134,221
3070,134,138
3071,134,136
3072,134,226
3073,134,126
3074,134,340
3075,134,111
3076,134,183
3077,134,184
3078,134,185
3079,134,18
3080,134,96
3081,134,139
3082,134,20
3083,134,115
3084,134,186
3085,134,24
3086,134,26
3087,134,12
3088,134,187
3089,134,67
3090,134,29
3091,134,124
3092,134,31
3093,134,34
3094,134,142
3095,134,69
3096,134,188
3097,134,109
3098,134,61
3099,134,122
3100,134,123
3101,134,42
3102,134,44
3103,134,46
3104,134,189
3105,134,132
3106,134,47
3107,134,232
3108,134,118
3109,134,93
3110,134,190
3111,2,133
3112,2,176
3113,2,145
3114,2,146
3115,2,349
3116,2,154
3117,2,149
3118,2,148
3119,2,162
3120,2,17
3121,2,152
3122,2,350
3123,2,351
3124,2,156
3125,2,170
3126,2,181
3127,2,18
3128,2,157
3129,2,96
3130,2,20
3131,2,159
3132,2,160
3133,2,24
3134,2,26
3135,2,161
3136,2,84
3137,2,67
3138,2,29
3139,2,163
3140,2,31
3141,2,87
3142,2,34
3143,2,165
3144,2,64
3145,2,38
3146,2,167
3147,2,352
3148,2,168
3149,2,169
3150,2,46
3151,2,189
3152,2,171
3153,2,81
3154,2,47
3155,2,173
3156,2,182
3157,2,93
3158,98,105
3159,98,78
3160,98,272
3161,98,273
3162,98,106
3163,98,18
3164,98,274
3165,98,275
3166,98,276
3167,98,137
3168,98,155
3169,98,87
3170,98,277
3171,98,278
3172,98,187
3173,98,31
3174,98,112
3175,98,113
3176,98,114
3177,98,115
3178,98,116
3179,98,12
3180,98,117
3181,98,118
3182,98,20
3183,98,212
3184,98,119
3185,98,120
3186,98,107
3187,98,211
3188,98,121
3189,98,84
3190,98,67
3191,98,109
3192,98,122
3193,98,123
3194,98,6
3195,98,279
3196,98,34
3197,98,24
3198,98,29
3199,98,280
3200,98,127
3201,98,281
3202,98,282
3203,98,132
3204,98,142
3205,96,196
3206,96,197
3207,96,198
3208,96,51
3209,96,199
3210,96,200
3211,96,52
3212,96,201
3213,96,68
3214,96,202
3215,96,58
3216,96,203
3217,96,57
3218,96,60
3219,96,17
3220,96,18
3221,96,205
3222,96,113
3223,96,96
3224,96,20
3225,96,22
3226,96,208
3227,96,209
3228,96,186
3229,96,210
3230,96,211
3231,96,24
3232,96,26
3233,96,12
3234,96,212
3235,96,213
3236,96,67
3237,96,65
3238,96,62
3239,96,63
3240,96,29
3241,96,76
3242,96,54
3243,96,4
3244,96,71
3245,96,73
3246,96,163
3247,96,2
3248,96,31
3249,96,72
3250,96,215
3251,96,216
3252,96,34
3253,96,217
3254,96,69
3255,96,166
3256,96,61
3257,96,38
3258,96,218
3259,96,219
3260,96,220
3261,96,46
3262,96,221
3263,96,171
3264,96,81
3265,96,222
3266,96,182
3267,96,223
3268,96,224
3269,96,93
3270,96,225
3271,28,436
3272,28,264
3273,28,240
3274,28,263
3275,28,104
3276,28,103
3277,28,387
3278,28,388
3279,28,242
3280,28,22
3281,28,265
3282,28,389
3283,28,86
3284,28,187
3285,28,128
3286,28,87
3287,28,27
3288,28,246
3289,28,17
3290,28,6
3291,28,185
3292,28,18
3293,28,205
3294,28,113
3295,28,20
3296,28,21
3297,28,273
3298,28,106
3299,28,120
3300,28,211
3301,28,24
3302,28,26
3303,28,84
3304,28,212
3305,28,268
3306,28,67
3307,28,29
3308,28,92
3309,28,249
3310,28,31
3311,28,112
3312,28,125
3313,28,164
3314,28,339
3315,28,34
3316,28,281
3317,28,230
3318,28,131
3319,28,279
3320,28,130
3321,28,248
3322,28,42
3323,28,219
3324,28,44
3325,28,46
3326,28,244
3327,28,81
3328,28,390
3329,28,254
3330,28,222
3331,28,182
3332,28,223
3333,28,358
3334,28,325
3335,28,93
3336,115,133
3337,115,177
3338,115,176
3339,115,179
3340,115,85
3341,115,199
3342,115,17
3343,115,238
3344,115,24
3345,115,306
3346,115,330
3347,115,189
3348,115,212
3349,115,112
3350,115,122
3351,115,18
3352,115,327
3353,115,21
3354,115,62
3355,115,63
3356,115,187
3357,115,65
3358,115,67
3359,115,120
3360,115,253
3361,115,44
3362,115,59
3363,115,42
3364,115,182
3365,115,268
3366,115,252
3367,115,170
3368,115,37
3369,115,246
3370,115,118
3371,115,109
3372,115,69
3373,115,242
3374,115,34
3375,115,70
3376,115,111
3377,115,219
3378,115,94
3379,115,123
3380,115,13
3381,115,331
3382,115,20
3383,115,335
3384,115,76
3385,115,336
3386,115,332
3387,115,400
3388,113,288
3389,113,294
3390,113,175
3391,113,181
3392,113,196
3393,113,180
3394,113,240
3395,113,177
3396,113,359
3397,113,285
3398,113,286
3399,113,211
3400,113,17
3401,113,437
3402,113,38
3403,113,4
3404,113,182
3405,113,438
3406,113,183
3407,113,292
3408,113,18
3409,113,138
3410,113,113
3411,113,96
3412,113,139
3413,113,20
3414,113,242
3415,113,22
3416,113,115
3417,113,120
3418,113,186
3419,113,24
3420,113,26
3421,113,12
3422,113,27
3423,113,141
3424,113,212
3425,113,68
3426,113,67
3427,113,65
3428,113,62
3429,113,63
3430,113,29
3431,113,76
3432,113,71
3433,113,73
3434,113,163
3435,113,2
3436,113,249
3437,113,31
3438,113,112
3439,113,216
3440,113,34
3441,113,69
3442,113,131
3443,113,188
3444,113,58
3445,113,252
3446,113,37
3447,113,61
3448,113,122
3449,113,40
3450,113,253
3451,113,123
3452,113,41
3453,113,246
3454,113,42
3455,113,219
3456,113,44
3457,113,13
3458,113,170
3459,113,46
3460,113,262
3461,113,223
3462,12,79
3463,12,272
3464,12,133
3465,12,366
3466,12,407
3467,12,135
3468,12,51
3469,12,149
3470,12,150
3471,12,148
3472,12,52
3473,12,236
3474,12,89
3475,12,59
3476,12,406
3477,12,35
3478,12,439
3479,12,440
3480,12,44
3481,12,42
3482,12,170
3483,12,31
3484,12,113
3485,12,114
3486,12,18
3487,12,165
3488,12,116
3489,12,12
3490,12,26
3491,12,20
3492,12,22
3493,12,28
3494,12,160
3495,12,121
3496,12,19
3497,12,194
3498,12,208
3499,12,58
3500,12,34
3501,12,24
3502,12,29
3503,12,39
3504,12,69
3505,12,216
3506,12,127
3507,12,64
3508,12,43
3509,12,368
3510,121,133
3511,121,17
3512,121,272
3513,121,105
3514,121,206
3515,121,227
3516,121,22
3517,121,274
3518,121,52
3519,121,4
3520,121,435
3521,121,58
3522,121,142
3523,121,109
3524,121,56
3525,121,111
3526,121,199
3527,121,57
3528,121,2
3529,121,232
3530,121,329
3531,121,122
3532,121,18
3533,121,54
3534,121,24
3535,121,138
3536,121,44
3537,121,6
3538,121,245
3539,121,115
3540,121,59
3541,121,42
3542,121,182
3543,121,68
3544,121,37
3545,121,118
3546,121,259
3547,121,34
3548,121,71
3549,121,397
3550,121,124
3551,121,123
3552,121,13
3553,121,20
3554,121,139
3555,121,7
3556,121,74
3557,121,75
3558,121,233
3559,121,395
3560,121,77
3561,121,132
3562,121,298
3563,126,354
3564,126,78
3565,126,314
3566,126,378
3567,126,441
3568,126,316
3569,126,206
3570,126,204
3571,126,65
3572,126,356
3573,126,205
3574,126,252
3575,126,26
3576,126,253
3577,126,44
3578,126,17
3579,126,18
3580,126,157
3581,126,113
3582,126,317
3583,126,20
3584,126,315
3585,126,209
3586,126,211
3587,126,24
3588,126,212
3589,126,67
3590,126,62
3591,126,29
3592,126,73
3593,126,92
3594,126,31
3595,126,72
3596,126,34
3597,126,321
3598,126,36
3599,126,58
3600,126,38
3601,126,42
3602,126,324
3603,126,219
3604,126,319
3605,126,46
3606,126,189
3607,126,81
3608,126,375
3609,126,231
3610,126,222
3611,126,357
3612,126,182
3613,126,310
3614,126,358
3615,126,93
3616,15,193
3617,15,263
3618,15,366
3619,15,272
3620,15,85
3621,15,83
3622,15,281
3623,15,406
3624,15,129
3625,15,172
3626,15,92
3627,15,230
3628,15,326
3629,15,171
3630,15,212
3631,15,18
3632,15,21
3633,15,87
3634,15,24
3635,15,165
3636,15,44
3637,15,6
3638,15,168
3639,15,42
3640,15,170
3641,15,127
3642,15,28
3643,15,34
3644,15,306
3645,15,194
3646,15,20
3647,15,442
3648,15,84
3649,15,336
3650,15,48
3651,38,252
3652,38,177
3653,38,82
3654,38,198
3655,38,314
3656,38,317
3657,38,206
3658,38,253
3659,38,307
3660,38,59
3661,38,321
3662,38,215
3663,38,443
3664,38,203
3665,38,444
3666,38,318
3667,38,17
3668,38,181
3669,38,184
3670,38,6
3671,38,18
3672,38,20
3673,38,207
3674,38,373
3675,38,22
3676,38,315
3677,38,186
3678,38,210
3679,38,24
3680,38,26
3681,38,57
3682,38,187
3683,38,68
3684,38,213
3685,38,67
3686,38,29
3687,38,31
3688,38,304
3689,38,34
3690,38,69
3691,38,36
3692,38,64
3693,38,166
3694,38,61
3695,38,38
3696,38,39
3697,38,42
3698,38,324
3699,38,44
3700,38,319
3701,38,170
3702,38,46
3703,38,189
3704,38,47
3705,38,357
3706,38,343
3707,38,201
3708,38,182
3709,38,358
3710,81,3
3711,81,133
3712,81,135
3713,81,2
3714,81,30
3715,81,128
3716,81,256
3717,81,257
3718,81,258
3719,81,259
3720,81,11
3721,81,50
3722,81,4
3723,81,260
3724,81,16
3725,81,17
3726,81,18
3727,81,206
3728,81,75
3729,81,20
3730,81,22
3731,81,24
3732,81,25
3733,81,26
3734,81,12
3735,81,27
3736,81,29
3737,81,54
3738,81,31
3739,81,32
3740,81,250
3741,81,34
3742,81,127
3743,81,251
3744,81,37
3745,81,38
3746,81,40
3747,81,41
3748,81,13
3749,81,261
3750,81,46
3751,81,8
3752,81,262
3753,81,194
3754,11,272
3755,11,194
3756,11,127
3757,101,15
3758,101,8
3759,101,133
3760,101,3
3761,101,32
3762,101,256
3763,101,103
3764,101,257
3765,101,75
3766,101,22
3767,101,30
3768,101,245
3769,101,4
3770,101,258
3771,101,11
3772,101,247
3773,101,128
3774,101,419
3775,101,17
3776,101,6
3777,101,204
3778,101,18
3779,101,113
3780,101,20
3781,101,24
3782,101,25
3783,101,12
3784,101,213
3785,101,29
3786,101,2
3787,101,31
3788,101,72
3789,101,34
3790,101,37
3791,101,38
3792,101,40
3793,101,41
3794,101,42
3795,101,44
3796,101,13
3797,101,46
3798,101,182
3799,101,49
3800,101,194
3801,101,50
3802,101,93
3803,26,431
3804,26,288
3805,26,432
3806,26,203
3807,26,181
3808,26,2
3809,26,66
3810,26,30
3811,26,433
3812,26,256
3813,26,6
3814,26,70
3815,26,11
3816,26,4
3817,26,13
3818,26,3
3819,26,177
3820,26,176
3821,26,82
3822,26,62
3823,26,37
3824,26,17
3825,26,184
3826,26,18
3827,26,113
3828,26,294
3829,26,96
3830,26,75
3831,26,20
3832,26,22
3833,26,208
3834,26,211
3835,26,24
3836,26,25
3837,26,12
3838,26,187
3839,26,212
3840,26,67
3841,26,29
3842,26,54
3843,26,163
3844,26,31
3845,26,32
3846,26,34
3847,26,166
3848,26,109
3849,26,295
3850,26,38
3851,26,370
3852,26,40
3853,26,41
3854,26,42
3855,26,219
3856,26,44
3857,26,46
3858,26,8
3859,26,81
3860,26,222
3861,26,223
3862,26,194
3863,26,190
3864,26,434
3865,22,230
3866,22,5
3867,22,1
3868,22,176
3869,22,78
3870,22,391
3871,22,364
3872,22,21
3873,22,235
3874,22,17
3875,22,6
3876,22,85
3877,22,10
3878,22,9
3879,22,94
3880,22,26
3881,22,44
3882,22,18
3883,22,12
3884,22,66
3885,22,20
3886,22,31
3887,22,116
3888,22,113
3889,22,80
3890,22,84
3891,22,24
3892,22,42
3893,22,29
3894,22,202
3895,22,28
3896,22,34
3897,22,33
3898,22,392
3899,150,285
3900,150,198
3901,150,51
3902,150,22
3903,150,7
3904,150,55
3905,150,59
3906,150,279
3907,150,445
3908,150,58
3909,150,446
3910,150,447
3911,150,383
3912,150,448
3913,150,56
3914,150,60
3915,150,17
3916,150,6
3917,150,204
3918,150,18
3919,150,205
3920,150,52
3921,150,206
3922,150,96
3923,150,139
3924,150,20
3925,150,242
3926,150,207
3927,150,115
3928,150,120
3929,150,209
3930,150,186
3931,150,210
3932,150,211
3933,150,140
3934,150,24
3935,150,26
3936,150,12
3937,150,27
3938,150,57
3939,150,212
3940,150,68
3941,150,213
3942,150,329
3943,150,67
3944,150,65
3945,150,62
3946,150,63
3947,150,29
3948,150,30
3949,150,76
3950,150,54
3951,150,4
3952,150,73
3953,150,163
3954,150,2
3955,150,92
3956,150,249
3957,150,31
3958,150,112
3959,150,72
3960,150,215
3961,150,304
3962,150,216
3963,150,435
3964,150,34
3965,150,321
3966,150,217
3967,150,69
3968,150,64
3969,150,252
3970,150,37
3971,150,61
3972,150,38
3973,150,130
3974,150,370
3975,150,122
3976,150,218
3977,150,203
3978,150,253
3979,150,123
3980,150,246
3981,150,248
3982,150,42
3983,150,219
3984,150,43
3985,150,220
3986,150,44
3987,150,13
3988,150,170
3989,150,46
3990,150,307
3991,150,262
3992,150,81
3993,150,222
3994,150,47
3995,150,308
3996,150,201
3997,150,182
3998,150,224
3999,150,93
4000,150,225
4001,140,234
4002,140,272
4003,140,264
4004,140,104
4005,140,227
4006,140,78
4007,140,106
4008,140,7
4009,140,107
4010,140,18
4011,140,164
4012,140,142
4013,140,50
4014,140,248
4015,140,187
4016,140,257
4017,140,31
4018,140,112
4019,140,113
4020,140,114
4021,140,115
4022,140,165
4023,140,116
4024,140,27
4025,140,12
4026,140,117
4027,140,118
4028,140,20
4029,140,120
4030,140,108
4031,140,121
4032,140,67
4033,140,111
4034,140,109
4035,140,122
4036,140,123
4037,140,124
4038,140,34
4039,140,24
4040,140,29
4041,140,127
4042,140,130
4043,140,131
4044,140,132
4045,17,133
4046,17,176
4047,17,79
4048,17,82
4049,17,299
4050,17,235
4051,17,236
4052,17,6
4053,17,89
4054,17,88
4055,17,43
4056,17,45
4057,17,199
4058,17,18
4059,17,21
4060,17,54
4061,17,66
4062,17,24
4063,17,33
4064,17,36
4065,17,28
4066,17,34
4067,17,94
4068,17,20
4069,17,239
4070,17,48
4071,17,98
4072,17,100
4073,107,433
4074,107,133
4075,107,38
4076,107,400
4077,107,85
4078,107,76
4079,107,449
4080,107,408
4081,107,14
4082,107,328
4083,107,450
4084,107,62
4085,107,63
4086,107,65
4087,107,6
4088,107,451
4089,107,95
4090,107,452
4091,107,222
4092,107,17
4093,107,185
4094,107,204
4095,107,18
4096,107,205
4097,107,113
4098,107,96
4099,107,20
4100,107,242
4101,107,22
4102,107,120
4103,107,209
4104,107,211
4105,107,24
4106,107,26
4107,107,12
4108,107,212
4109,107,329
4110,107,67
4111,107,29
4112,107,73
4113,107,92
4114,107,31
4115,107,112
4116,107,72
4117,107,87
4118,107,34
4119,107,445
4120,107,166
4121,107,39
4122,107,370
4123,107,246
4124,107,248
4125,107,42
4126,107,219
4127,107,46
4128,107,81
4129,107,231
4130,107,182
4131,107,223
4132,107,453
4133,107,325
4134,107,434
4135,9,133
4136,9,177
4137,9,105
4138,9,102
4139,9,259
4140,9,388
4141,9,179
4142,9,138
4143,9,18
4144,9,12
4145,9,228
4146,9,110
4147,9,127
4148,9,111
4149,9,429
4150,9,17
4151,9,204
4152,9,139
4153,9,20
4154,9,115
4155,9,106
4156,9,120
4157,9,211
4158,9,140
4159,9,24
4160,9,187
4161,9,212
4162,9,68
4163,9,67
4164,9,63
4165,9,29
4166,9,31
4167,9,112
4168,9,214
4169,9,304
4170,9,34
4171,9,238
4172,9,142
4173,9,445
4174,9,305
4175,9,109
4176,9,143
4177,9,38
4178,9,122
4179,9,123
4180,9,430
4181,9,246
4182,9,42
4183,9,454
4184,9,219
4185,9,44
4186,9,46
4187,9,189
4188,9,221
4189,9,244
4190,9,128
4191,9,222
4192,9,47
4193,9,232
4194,9,182
4195,9,118
4196,9,126
4197,110,36
4198,110,200
4199,110,133
4200,110,354
4201,110,378
4202,110,336
4203,110,441
4204,110,391
4205,110,337
4206,110,221
4207,110,245
4208,110,168
4209,110,171
4210,110,341
4211,110,247
4212,110,342
4213,110,423
4214,110,17
4215,110,204
4216,110,18
4217,110,157
4218,110,52
4219,110,113
4220,110,20
4221,110,160
4222,110,24
4223,110,26
4224,110,12
4225,110,67
4226,110,29
4227,110,31
4228,110,72
4229,110,129
4230,110,304
4231,110,339
4232,110,34
4233,110,321
4234,110,69
4235,110,252
4236,110,37
4237,110,253
4238,110,42
4239,110,44
4240,110,13
4241,110,46
4242,110,307
4243,110,128
4244,110,343
4245,110,174
4246,110,93
4247,42,135
4248,42,234
4249,42,257
4250,42,79
4251,42,179
4252,42,235
4253,42,82
4254,42,236
4255,42,197
4256,42,221
4257,42,206
4258,42,237
4259,42,89
4260,42,164
4261,42,171
4262,42,18
4263,42,21
4264,42,238
4265,42,22
4266,42,66
4267,42,24
4268,42,165
4269,42,33
4270,42,44
4271,42,6
4272,42,168
4273,42,42
4274,42,68
4275,42,36
4276,42,69
4277,42,281
4278,42,28
4279,42,203
4280,42,34
4281,42,93
4282,42,72
4283,42,20
4284,42,239
4285,42,48
4286,42,202
4287,42,98
4288,42,100
4289,117,105
4290,117,78
4291,117,378
4292,117,299
4293,117,85
4294,117,379
4295,117,274
4296,117,6
4297,117,138
4298,117,305
4299,117,111
4300,117,301
4301,117,12
4302,117,204
4303,117,18
4304,117,139
4305,117,20
4306,117,22
4307,117,115
4308,117,24
4309,117,141
4310,117,29
4311,117,124
4312,117,31
4313,117,259
4314,117,34
4315,117,142
4316,117,109
4317,117,122
4318,117,123
4319,117,42
4320,117,306
4321,117,44
4322,117,46
4323,117,47
4324,117,232
4325,117,309
4326,117,118
4327,117,126
4328,111,133
4329,111,177
4330,111,244
4331,111,242
4332,111,344
4333,111,204
4334,111,275
4335,111,108
4336,111,230
4337,111,17
4338,111,246
4339,111,248
4340,111,313
4341,111,346
4342,111,185
4343,111,18
4344,111,355
4345,111,192
4346,111,300
4347,111,113
4348,111,20
4349,111,115
4350,111,106
4351,111,120
4352,111,24
4353,111,26
4354,111,12
4355,111,27
4356,111,229
4357,111,187
4358,111,67
4359,111,29
4360,111,92
4361,111,249
4362,111,31
4363,111,112
4364,111,87
4365,111,214
4366,111,34
4367,111,238
4368,111,305
4369,111,131
4370,111,251
4371,111,252
4372,111,37
4373,111,130
4374,111,370
4375,111,122
4376,111,253
4377,111,123
4378,111,13
4379,111,46
4380,111,189
4381,111,254
4382,111,231
4383,111,182
4384,111,223
4385,111,49
4386,111,358
4387,111,93
4388,146,79
4389,146,78
4390,146,314
4391,146,59
4392,146,235
4393,146,6
4394,146,7
4395,146,444
4396,146,89
4397,146,10
4398,146,36
4399,146,26
4400,146,43
4401,146,24
4402,146,324
4403,146,100
4404,146,17
4405,146,18
4406,146,19
4407,146,317
4408,146,20
4409,146,21
4410,146,22
4411,146,315
4412,146,23
4413,146,12
4414,146,27
4415,146,28
4416,146,29
4417,146,31
4418,146,33
4419,146,34
4420,146,321
4421,146,35
4422,146,252
4423,146,38
4424,146,253
4425,146,42
4426,146,44
4427,146,45
4428,146,319
4429,146,170
4430,146,46
4431,146,189
4432,146,47
4433,146,357
4434,146,48
4435,146,182
4436,146,310
4437,146,358
4438,55,227
4439,55,264
4440,55,177
4441,55,105
4442,55,51
4443,55,265
4444,55,138
4445,55,198
4446,55,68
4447,55,257
4448,55,228
4449,55,345
4450,55,201
4451,55,279
4452,55,111
4453,55,455
4454,55,17
4455,55,18
4456,55,205
4457,55,52
4458,55,206
4459,55,113
4460,55,96
4461,55,139
4462,55,20
4463,55,22
4464,55,115
4465,55,106
4466,55,209
4467,55,211
4468,55,24
4469,55,12
4470,55,57
4471,55,187
4472,55,212
4473,55,268
4474,55,67
4475,55,63
4476,55,29
4477,55,4
4478,55,124
4479,55,73
4480,55,163
4481,55,31
4482,55,72
4483,55,216
4484,55,435
4485,55,34
4486,55,142
4487,55,58
4488,55,166
4489,55,109
4490,55,61
4491,55,38
4492,55,122
4493,55,203
4494,55,123
4495,55,42
4496,55,219
4497,55,44
4498,55,46
4499,55,221
4500,55,81
4501,55,408
4502,55,222
4503,55,232
4504,55,182
4505,55,223
4506,55,118
4507,55,126
4508,55,60
4509,55,225
4510,141,86
4511,141,91
4512,141,433
4513,141,234
4514,141,272
4515,141,264
4516,141,104
4517,141,227
4518,141,78
4519,141,106
4520,141,7
4521,141,107
4522,141,18
4523,141,164
4524,141,142
4525,141,50
4526,141,248
4527,141,456
4528,141,44
4529,141,42
4530,141,187
4531,141,257
4532,141,31
4533,141,112
4534,141,113
4535,141,114
4536,141,115
4537,141,165
4538,141,116
4539,141,27
4540,141,12
4541,141,117
4542,141,118
4543,141,20
4544,141,212
4545,141,119
4546,141,120
4547,141,108
4548,141,55
4549,141,457
4550,141,121
4551,141,137
4552,141,87
4553,141,67
4554,141,111
4555,141,109
4556,141,122
4557,141,123
4558,141,205
4559,141,124
4560,141,34
4561,141,24
4562,141,29
4563,141,280
4564,141,127
4565,141,281
4566,141,130
4567,141,131
4568,141,132
4569,142,179
4570,142,80
4571,142,135
4572,142,235
4573,142,108
4574,142,112
4575,142,189
4576,142,238
4577,142,250
4578,142,17
4579,142,248
4580,142,44
4581,142,42
4582,142,380
4583,142,355
4584,142,300
4585,142,18
4586,142,192
4587,142,22
4588,142,24
4589,142,120
4590,142,131
4591,142,253
4592,142,33
4593,142,6
4594,142,130
4595,142,252
4596,142,36
4597,142,246
4598,142,305
4599,142,43
4600,142,34
4601,142,70
4602,142,236
4603,142,72
4604,142,20
4605,142,239
4606,142,7
4607,142,374
4608,142,48
4609,142,202
4610,142,100
4611,142,298
4612,93,402
4613,93,206
4614,93,197
4615,93,421
4616,93,420
4617,93,422
4618,93,307
4619,93,93
4620,93,207
4621,93,210
4622,93,414
4623,93,304
4624,93,69
4625,93,423
4626,93,74
4627,93,204
4628,93,18
4629,93,157
4630,93,113
4631,93,20
4632,93,115
4633,93,211
4634,93,160
4635,93,24
4636,93,26
4637,93,12
4638,93,268
4639,93,213
4640,93,65
4641,93,62
4642,93,63
4643,93,29
4644,93,71
4645,93,73
4646,93,92
4647,93,31
4648,93,72
4649,93,129
4650,93,215
4651,93,216
4652,93,339
4653,93,34
4654,93,321
4655,93,217
4656,93,165
4657,93,64
4658,93,58
4659,93,166
4660,93,37
4661,93,203
4662,93,168
4663,93,424
4664,93,219
4665,93,220
4666,93,13
4667,93,46
4668,93,221
4669,93,171
4670,93,425
4671,93,343
4672,93,201
4673,93,174
4674,93,377
4675,66,78
4676,66,326
4677,66,85
4678,66,327
4679,66,83
4680,66,328
4681,66,81
4682,66,329
4683,66,212
4684,66,242
4685,66,14
4686,66,182
4687,66,330
4688,66,112
4689,66,4
4690,66,18
4691,66,62
4692,66,63
4693,66,187
4694,66,65
4695,66,67
4696,66,24
4697,66,120
4698,66,253
4699,66,252
4700,66,246
4701,66,92
4702,66,34
4703,66,73
4704,66,219
4705,66,94
4706,66,95
4707,66,331
4708,66,20
4709,66,209
4710,66,76
4711,66,332
4712,66,334
4713,109,200
4714,109,133
4715,109,354
4716,109,378
4717,109,441
4718,109,391
4719,109,337
4720,109,221
4721,109,245
4722,109,168
4723,109,171
4724,109,341
4725,109,247
4726,109,342
4727,109,423
4728,109,17
4729,109,204
4730,109,18
4731,109,157
4732,109,52
4733,109,113
4734,109,20
4735,109,160
4736,109,24
4737,109,26
4738,109,12
4739,109,67
4740,109,29
4741,109,31
4742,109,72
4743,109,129
4744,109,304
4745,109,339
4746,109,34
4747,109,321
4748,109,69
4749,109,252
4750,109,37
4751,109,253
4752,109,13
4753,109,46
4754,109,307
4755,109,128
4756,109,343
4757,109,174
4758,109,93
4759,18,133
4760,18,176
4761,18,79
4762,18,82
4763,18,299
4764,18,235
4765,18,236
4766,18,6
4767,18,89
4768,18,88
4769,18,43
4770,18,45
4771,18,199
4772,18,18
4773,18,21
4774,18,54
4775,18,66
4776,18,24
4777,18,33
4778,18,44
4779,18,42
4780,18,36
4781,18,28
4782,18,34
4783,18,94
4784,18,20
4785,18,239
4786,18,48
4787,18,98
4788,18,100
4789,40,288
4790,40,294
4791,40,198
4792,40,181
4793,40,359
4794,40,175
4795,40,360
4796,40,362
4797,40,361
4798,40,121
4799,40,31
4800,40,67
4801,40,363
4802,40,128
4803,40,188
4804,40,182
4805,40,286
4806,40,196
4807,40,180
4808,40,240
4809,40,295
4810,40,17
4811,40,184
4812,40,18
4813,40,138
4814,40,113
4815,40,96
4816,40,139
4817,40,20
4818,40,22
4819,40,159
4820,40,115
4821,40,208
4822,40,186
4823,40,211
4824,40,24
4825,40,26
4826,40,12
4827,40,27
4828,40,57
4829,40,187
4830,40,212
4831,40,68
4832,40,65
4833,40,62
4834,40,63
4835,40,29
4836,40,76
4837,40,54
4838,40,4
4839,40,71
4840,40,73
4841,40,163
4842,40,2
4843,40,72
4844,40,214
4845,40,304
4846,40,216
4847,40,34
4848,40,69
4849,40,131
4850,40,64
4851,40,58
4852,40,166
4853,40,143
4854,40,252
4855,40,37
4856,40,279
4857,40,61
4858,40,38
4859,40,39
4860,40,122
4861,40,296
4862,40,203
4863,40,253
4864,40,123
4865,40,41
4866,40,42
4867,40,219
4868,40,44
4869,40,13
4870,40,170
4871,40,46
4872,40,262
4873,40,81
4874,40,231
4875,40,222
4876,40,297
4877,40,343
4878,40,201
4879,40,223
4880,40,224
4881,40,190
4882,40,225
4883,137,133
4884,137,458
4885,137,401
4886,137,258
4887,137,3
4888,137,52
4889,137,459
4890,137,6
4891,137,56
4892,137,11
4893,137,77
4894,137,182
4895,137,260
4896,137,16
4897,137,17
4898,137,18
4899,137,113
4900,137,75
4901,137,20
4902,137,22
4903,137,115
4904,137,24
4905,137,26
4906,137,12
4907,137,57
4908,137,68
4909,137,213
4910,137,29
4911,137,2
4912,137,31
4913,137,32
4914,137,34
4915,137,217
4916,137,69
4917,137,58
4918,137,37
4919,137,122
4920,137,123
4921,137,42
4922,137,220
4923,137,44
4924,137,13
4925,137,170
4926,137,46
4927,137,8
4928,137,262
4929,137,194
4930,37,314
4931,37,177
4932,37,198
4933,37,82
4934,37,307
4935,37,444
4936,37,206
4937,37,321
4938,37,443
4939,37,252
4940,37,215
4941,37,317
4942,37,59
4943,37,318
4944,37,253
4945,37,17
4946,37,181
4947,37,6
4948,37,18
4949,37,20
4950,37,207
4951,37,373
4952,37,22
4953,37,315
4954,37,24
4955,37,26
4956,37,187
4957,37,68
4958,37,213
4959,37,67
4960,37,29
4961,37,31
4962,37,304
4963,37,34
4964,37,36
4965,37,64
4966,37,166
4967,37,38
4968,37,39
4969,37,203
4970,37,324
4971,37,319
4972,37,46
4973,37,189
4974,37,47
4975,37,357
4976,37,343
4977,37,201
4978,37,182
4979,51,91
4980,51,77
4981,51,104
4982,51,264
4983,51,176
4984,51,413
4985,51,389
4986,51,185
4987,51,242
4988,51,414
4989,51,86
4990,51,27
4991,51,187
4992,51,130
4993,51,246
4994,51,334
4995,51,17
4996,51,181
4997,51,6
4998,51,18
4999,51,113
5000,51,20
5001,51,106
5002,51,120
5003,51,24
5004,51,26
5005,51,268
5006,51,213
5007,51,67
5008,51,29
5009,51,108
5010,51,249
5011,51,31
5012,51,112
5013,51,87
5014,51,34
5015,51,131
5016,51,38
5017,51,370
5018,51,168
5019,51,248
5020,51,42
5021,51,44
5022,51,46
5023,51,244
5024,51,231
5025,51,182
5026,51,223
5027,51,174
5028,51,358
5029,51,325
5030,51,93
5031,132,460
5032,20,204
5033,20,87
5034,20,133
5035,20,177
5036,20,82
5037,20,85
5038,20,179
5039,20,416
5040,20,17
5041,20,391
5042,20,238
5043,20,414
5044,20,390
5045,20,182
5046,20,223
5047,20,189
5048,20,94
5049,20,26
5050,20,72
5051,20,122
5052,20,123
5053,20,44
5054,20,18
5055,20,12
5056,20,70
5057,20,37
5058,20,13
5059,20,187
5060,20,69
5061,20,66
5062,20,417
5063,20,168
5064,20,20
5065,20,31
5066,20,116
5067,20,113
5068,20,75
5069,20,24
5070,20,42
5071,20,2
5072,20,29
5073,20,163
5074,20,202
5075,20,5
5076,20,34
5077,20,418
5078,20,461
5079,20,326
5080,74,133
5081,74,240
5082,74,241
5083,74,103
5084,74,242
5085,74,243
5086,74,244
5087,74,245
5088,74,131
5089,74,108
5090,74,246
5091,74,247
5092,74,182
5093,74,248
5094,74,17
5095,74,185
5096,74,204
5097,74,18
5098,74,20
5099,74,106
5100,74,120
5101,74,211
5102,74,24
5103,74,26
5104,74,27
5105,74,187
5106,74,212
5107,74,67
5108,74,65
5109,74,62
5110,74,29
5111,74,73
5112,74,249
5113,74,31
5114,74,112
5115,74,34
5116,74,127
5117,74,252
5118,74,130
5119,74,253
5120,74,46
5121,74,128
5122,74,254
5123,74,222
5124,74,93
5125,72,263
5126,72,105
5127,72,151
5128,72,147
5129,72,135
5130,72,138
5131,72,257
5132,72,274
5133,72,207
5134,72,340
5135,72,92
5136,72,109
5137,72,174
5138,72,111
5139,72,18
5140,72,157
5141,72,206
5142,72,113
5143,72,158
5144,72,139
5145,72,20
5146,72,22
5147,72,115
5148,72,106
5149,72,160
5150,72,24
5151,72,12
5152,72,29
5153,72,71
5154,72,31
5155,72,87
5156,72,129
5157,72,339
5158,72,34
5159,72,142
5160,72,165
5161,72,122
5162,72,123
5163,72,168
5164,72,46
5165,72,221
5166,72,171
5167,72,81
5168,72,232
5169,72,118
5170,72,126
5171,72,325
5172,116,105
5173,116,78
5174,116,378
5175,116,299
5176,116,85
5177,116,379
5178,116,274
5179,116,6
5180,116,138
5181,116,305
5182,116,111
5183,116,301
5184,116,12
5185,116,18
5186,116,139
5187,116,20
5188,116,22
5189,116,115
5190,116,24
5191,116,29
5192,116,124
5193,116,31
5194,116,259
5195,116,34
5196,116,142
5197,116,109
5198,116,122
5199,116,123
5200,116,306
5201,116,46
5202,116,47
5203,116,232
5204,116,309
5205,116,118
5206,116,126
5207,43,234
5208,43,146
5209,43,151
5210,43,152
5211,43,367
5212,43,149
5213,43,150
5214,43,148
5215,43,165
5216,43,171
5217,43,284
5218,43,167
5219,43,289
5220,43,347
5221,43,181
5222,43,18
5223,43,157
5224,43,96
5225,43,20
5226,43,159
5227,43,160
5228,43,24
5229,43,26
5230,43,161
5231,43,29
5232,43,162
5233,43,163
5234,43,31
5235,43,87
5236,43,34
5237,43,64
5238,43,38
5239,43,168
5240,43,169
5241,43,170
5242,43,46
5243,43,173
5244,67,78
5245,67,326
5246,67,85
5247,67,327
5248,67,83
5249,67,328
5250,67,81
5251,67,329
5252,67,212
5253,67,242
5254,67,14
5255,67,182
5256,67,330
5257,67,112
5258,67,4
5259,67,18
5260,67,62
5261,67,63
5262,67,187
5263,67,65
5264,67,67
5265,67,24
5266,67,120
5267,67,253
5268,67,252
5269,67,246
5270,67,92
5271,67,34
5272,67,73
5273,67,219
5274,67,94
5275,67,95
5276,67,331
5277,67,20
5278,67,209
5279,67,76
5280,67,332
5281,67,334
5282,131,176
5283,131,105
5284,131,286
5285,131,383
5286,131,285
5287,131,134
5288,131,206
5289,131,138
5290,131,107
5291,131,67
5292,131,122
5293,131,12
5294,131,111
5295,131,394
5296,131,386
5297,131,17
5298,131,181
5299,131,18
5300,131,294
5301,131,139
5302,131,20
5303,131,242
5304,131,115
5305,131,140
5306,131,24
5307,131,141
5308,131,229
5309,131,68
5310,131,29
5311,131,54
5312,131,124
5313,131,31
5314,131,214
5315,131,250
5316,131,301
5317,131,34
5318,131,230
5319,131,142
5320,131,305
5321,131,188
5322,131,58
5323,131,109
5324,131,37
5325,131,38
5326,131,123
5327,131,246
5328,131,42
5329,131,306
5330,131,44
5331,131,13
5332,131,46
5333,131,221
5334,131,144
5335,131,47
5336,131,182
5337,131,118
5338,131,126
5339,131,93
5340,131,311
5341,131,190
5342,131,225
5343,62,274
5344,62,67
5345,62,197
5346,62,196
5347,62,182
5348,62,105
5349,62,111
5350,62,312
5351,62,12
5352,62,106
5353,62,130
5354,62,335
5355,62,330
5356,62,17
5357,62,185
5358,62,204
5359,62,18
5360,62,138
5361,62,205
5362,62,113
5363,62,139
5364,62,20
5365,62,242
5366,62,22
5367,62,115
5368,62,120
5369,62,209
5370,62,211
5371,62,24
5372,62,187
5373,62,212
5374,62,329
5375,62,63
5376,62,29
5377,62,76
5378,62,124
5379,62,73
5380,62,92
5381,62,31
5382,62,112
5383,62,72
5384,62,34
5385,62,142
5386,62,58
5387,62,166
5388,62,109
5389,62,279
5390,62,38
5391,62,39
5392,62,370
5393,62,122
5394,62,123
5395,62,246
5396,62,42
5397,62,219
5398,62,44
5399,62,95
5400,62,46
5401,62,221
5402,62,81
5403,62,408
5404,62,254
5405,62,222
5406,62,47
5407,62,201
5408,62,223
5409,62,118
5410,62,126
5411,62,453
5412,62,325
5413,62,434
5414,139,238
5415,139,101
5416,139,102
5417,139,103
5418,139,104
5419,139,105
5420,139,78
5421,139,106
5422,139,7
5423,139,107
5424,139,18
5425,139,108
5426,139,109
5427,139,110
5428,139,111
5429,139,193
5430,139,44
5431,139,42
5432,139,31
5433,139,112
5434,139,113
5435,139,114
5436,139,115
5437,139,116
5438,139,27
5439,139,12
5440,139,117
5441,139,118
5442,139,20
5443,139,119
5444,139,120
5445,139,121
5446,139,67
5447,139,122
5448,139,123
5449,139,124
5450,139,34
5451,139,125
5452,139,24
5453,139,29
5454,139,126
5455,139,127
5456,139,128
5457,139,129
5458,139,130
5459,139,248
5460,139,131
5461,139,132
5462,139,142
5463,79,133
5464,79,93
5465,79,176
5466,79,105
5467,79,404
5468,79,51
5469,79,198
5470,79,138
5471,79,199
5472,79,68
5473,79,279
5474,79,109
5475,79,462
5476,79,58
5477,79,201
5478,79,12
5479,79,437
5480,79,17
5481,79,18
5482,79,52
5483,79,139
5484,79,20
5485,79,242
5486,79,22
5487,79,115
5488,79,106
5489,79,186
5490,79,140
5491,79,24
5492,79,26
5493,79,141
5494,79,57
5495,79,187
5496,79,213
5497,79,67
5498,79,29
5499,79,4
5500,79,124
5501,79,163
5502,79,2
5503,79,31
5504,79,215
5505,79,216
5506,79,34
5507,79,217
5508,79,142
5509,79,69
5510,79,252
5511,79,61
5512,79,38
5513,79,122
5514,79,218
5515,79,253
5516,79,111
5517,79,123
5518,79,246
5519,79,220
5520,79,46
5521,79,47
5522,79,118
5523,79,224
5524,1,133
5525,1,176
5526,1,145
5527,1,146
5528,1,349
5529,1,154
5530,1,149
5531,1,148
5532,1,162
5533,1,17
5534,1,152
5535,1,350
5536,1,351
5537,1,156
5538,1,170
5539,1,181
5540,1,18
5541,1,157
5542,1,96
5543,1,20
5544,1,159
5545,1,160
5546,1,24
5547,1,26
5548,1,161
5549,1,84
5550,1,67
5551,1,29
5552,1,163
5553,1,31
5554,1,87
5555,1,34
5556,1,165
5557,1,64
5558,1,38
5559,1,167
5560,1,352
5561,1,168
5562,1,169
5563,1,46
5564,1,171
5565,1,81
5566,1,47
5567,1,173
5568,1,182
5569,1,93
5570,58,314
5571,58,78
5572,58,371
5573,58,179
5574,58,316
5575,58,38
5576,58,6
5577,58,355
5578,58,369
5579,58,238
5580,58,17
5581,58,252
5582,58,189
5583,58,295
5584,58,370
5585,58,319
5586,58,181
5587,58,204
5588,58,18
5589,58,192
5590,58,113
5591,58,317
5592,58,20
5593,58,373
5594,58,22
5595,58,315
5596,58,24
5597,58,26
5598,58,187
5599,58,374
5600,58,67
5601,58,29
5602,58,31
5603,58,34
5604,58,321
5605,58,36
5606,58,253
5607,58,41
5608,58,306
5609,58,324
5610,58,95
5611,58,46
5612,58,182
5613,58,310
5614,58,93
5615,32,78
5616,32,263
5617,32,1
5618,32,85
5619,32,364
5620,32,129
5621,32,191
5622,32,344
5623,32,38
5624,32,171
5625,32,266
5626,32,92
5627,32,130
5628,32,187
5629,32,31
5630,32,113
5631,32,114
5632,32,18
5633,32,116
5634,32,12
5635,32,26
5636,32,267
5637,32,20
5638,32,268
5639,32,160
5640,32,121
5641,32,229
5642,32,67
5643,32,122
5644,32,123
5645,32,37
5646,32,13
5647,32,279
5648,32,34
5649,32,168
5650,32,24
5651,32,29
5652,32,70
5653,32,230
5654,32,269
5655,77,133
5656,77,176
5657,77,177
5658,77,314
5659,77,315
5660,77,6
5661,77,316
5662,77,275
5663,77,317
5664,77,17
5665,77,318
5666,77,253
5667,77,319
5668,77,170
5669,77,99
5670,77,31
5671,77,114
5672,77,18
5673,77,181
5674,77,116
5675,77,26
5676,77,321
5677,77,20
5678,77,22
5679,77,322
5680,77,121
5681,77,323
5682,77,67
5683,77,252
5684,77,205
5685,77,34
5686,77,24
5687,77,29
5688,77,70
5689,77,36
5690,77,324
5691,77,282
5692,77,41
5693,77,295
5694,77,254
5695,47,457
5696,47,264
5697,47,150
5698,47,149
5699,47,234
5700,47,387
5701,47,463
5702,47,86
5703,47,146
5704,47,165
5705,47,464
5706,47,439
5707,47,281
5708,47,161
5709,47,26
5710,47,44
5711,47,4
5712,47,18
5713,47,170
5714,47,187
5715,47,212
5716,47,66
5717,47,168
5718,47,21
5719,47,20
5720,47,31
5721,47,116
5722,47,113
5723,47,64
5724,47,84
5725,47,24
5726,47,42
5727,47,465
5728,47,87
5729,47,29
5730,47,163
5731,47,202
5732,47,34
5733,47,418
5734,47,326
5735,85,1
5736,85,176
5737,85,82
5738,85,77
5739,85,364
5740,85,5
5741,85,336
5742,85,6
5743,85,231
5744,85,365
5745,85,87
5746,85,9
5747,85,223
5748,85,302
5749,85,17
5750,85,185
5751,85,204
5752,85,18
5753,85,205
5754,85,19
5755,85,113
5756,85,96
5757,85,158
5758,85,20
5759,85,21
5760,85,22
5761,85,24
5762,85,26
5763,85,12
5764,85,67
5765,85,29
5766,85,249
5767,85,31
5768,85,72
5769,85,33
5770,85,34
5771,85,230
5772,85,35
5773,85,38
5774,85,39
5775,85,42
5776,85,44
5777,85,45
5778,85,46
5779,85,81
5780,85,172
5781,85,182
5782,85,88
5783,85,325
5784,52,400
5785,52,176
5786,52,433
5787,52,264
5788,52,320
5789,52,179
5790,52,72
5791,52,391
5792,52,265
5793,52,257
5794,52,86
5795,52,203
5796,52,295
5797,52,17
5798,52,181
5799,52,184
5800,52,6
5801,52,18
5802,52,113
5803,52,96
5804,52,139
5805,52,20
5806,52,21
5807,52,373
5808,52,273
5809,52,22
5810,52,115
5811,52,24
5812,52,26
5813,52,12
5814,52,187
5815,52,84
5816,52,28
5817,52,268
5818,52,213
5819,52,67
5820,52,29
5821,52,162
5822,52,2
5823,52,31
5824,52,304
5825,52,435
5826,52,339
5827,52,34
5828,52,69
5829,52,188
5830,52,37
5831,52,279
5832,52,38
5833,52,13
5834,52,46
5835,52,307
5836,52,81
5837,52,308
5838,52,343
5839,52,201
5840,52,182
5841,52,223
5842,52,325
5843,103,162
5844,103,57
5845,103,466
5846,103,169
5847,103,367
5848,103,51
5849,103,350
5850,103,161
5851,103,165
5852,103,443
5853,103,231
5854,103,351
5855,103,170
5856,103,234
5857,103,197
5858,103,54
5859,103,349
5860,103,146
5861,103,275
5862,103,17
5863,103,18
5864,103,205
5865,103,52
5866,103,113
5867,103,20
5868,103,242
5869,103,159
5870,103,186
5871,103,24
5872,103,26
5873,103,68
5874,103,67
5875,103,29
5876,103,4
5877,103,163
5878,103,249
5879,103,31
5880,103,87
5881,103,215
5882,103,216
5883,103,34
5884,103,217
5885,103,64
5886,103,58
5887,103,61
5888,103,38
5889,103,167
5890,103,218
5891,103,168
5892,103,246
5893,103,42
5894,103,220
5895,103,44
5896,103,46
5897,103,262
5898,103,173
5899,103,201
5900,103,182
5901,103,60
5902,103,224
5903,103,93
5904,103,225
5905,53,195
5906,53,400
5907,53,176
5908,53,433
5909,53,264
5910,53,435
5911,53,320
5912,53,179
5913,53,72
5914,53,391
5915,53,265
5916,53,257
5917,53,86
5918,53,203
5919,53,295
5920,53,17
5921,53,181
5922,53,184
5923,53,6
5924,53,18
5925,53,113
5926,53,96
5927,53,139
5928,53,20
5929,53,21
5930,53,373
5931,53,273
5932,53,22
5933,53,115
5934,53,24
5935,53,26
5936,53,12
5937,53,187
5938,53,84
5939,53,28
5940,53,268
5941,53,213
5942,53,67
5943,53,29
5944,53,162
5945,53,2
5946,53,31
5947,53,304
5948,53,339
5949,53,34
5950,53,69
5951,53,188
5952,53,37
5953,53,279
5954,53,38
5955,53,42
5956,53,44
5957,53,13
5958,53,46
5959,53,189
5960,53,307
5961,53,81
5962,53,308
5963,53,343
5964,53,201
5965,53,182
5966,53,223
5967,53,377
5968,53,325
5969,54,264
5970,54,177
5971,54,105
5972,54,51
5973,54,265
5974,54,138
5975,54,198
5976,54,68
5977,54,257
5978,54,228
5979,54,345
5980,54,201
5981,54,279
5982,54,455
5983,54,17
5984,54,18
5985,54,205
5986,54,52
5987,54,206
5988,54,113
5989,54,96
5990,54,139
5991,54,20
5992,54,22
5993,54,115
5994,54,106
5995,54,209
5996,54,211
5997,54,24
5998,54,12
5999,54,57
6000,54,187
6001,54,212
6002,54,268
6003,54,67
6004,54,63
6005,54,29
6006,54,4
6007,54,124
6008,54,73
6009,54,31
6010,54,72
6011,54,216
6012,54,34
6013,54,142
6014,54,58
6015,54,166
6016,54,109
6017,54,61
6018,54,38
6019,54,122
6020,54,203
6021,54,111
6022,54,123
6023,54,46
6024,54,221
6025,54,81
6026,54,408
6027,54,222
6028,54,232
6029,54,182
6030,54,223
6031,54,118
6032,54,126
6033,54,225
6034,128,133
6035,128,177
6036,128,94
6037,128,422
6038,128,391
6039,128,344
6040,128,204
6041,128,68
6042,128,467
6043,128,31
6044,128,202
6045,128,302
6046,128,182
6047,128,42
6048,128,17
6049,128,18
6050,128,113
6051,128,96
6052,128,20
6053,128,242
6054,128,115
6055,128,120
6056,128,24
6057,128,26
6058,128,12
6059,128,27
6060,128,229
6061,128,187
6062,128,67
6063,128,29
6064,128,249
6065,128,112
6066,128,250
6067,128,34
6068,128,69
6069,128,109
6070,128,252
6071,128,37
6072,128,38
6073,128,370
6074,128,122
6075,128,253
6076,128,123
6077,128,41
6078,128,246
6079,128,248
6080,128,306
6081,128,44
6082,128,13
6083,128,95
6084,128,170
6085,128,46
6086,128,254
6087,128,308
6088,128,223
6089,128,325
6090,128,93
6091,16,133
6092,16,176
6093,16,79
6094,16,82
6095,16,299
6096,16,235
6097,16,236
6098,16,6
6099,16,89
6100,16,88
6101,16,43
6102,16,45
6103,16,199
6104,16,18
6105,16,21
6106,16,54
6107,16,66
6108,16,24
6109,16,33
6110,16,36
6111,16,28
6112,16,34
6113,16,94
6114,16,20
6115,16,48
6116,125,82
6117,125,78
6118,125,3
6119,125,8
6120,125,22
6121,125,417
6122,125,2
6123,125,257
6124,125,62
6125,125,11
6126,125,205
6127,125,37
6128,125,4
6129,125,13
6130,125,42
6131,125,17
6132,125,18
6133,125,113
6134,125,96
6135,125,75
6136,125,20
6137,125,209
6138,125,211
6139,125,24
6140,125,25
6141,125,12
6142,125,212
6143,125,329
6144,125,67
6145,125,65
6146,125,63
6147,125,29
6148,125,30
6149,125,73
6150,125,31
6151,125,72
6152,125,32
6153,125,34
6154,125,58
6155,125,38
6156,125,40
6157,125,41
6158,125,219
6159,125,44
6160,125,46
6161,125,81
6162,125,231
6163,125,222
6164,125,182
6165,125,49
6166,125,194
6167,125,50
6168,87,199
6169,87,176
6170,87,115
6171,87,386
6172,87,166
6173,87,134
6174,87,31
6175,87,226
6176,87,136
6177,87,227
6178,87,107
6179,87,17
6180,87,119
6181,87,228
6182,87,122
6183,87,59
6184,87,141
6185,87,181
6186,87,18
6187,87,138
6188,87,113
6189,87,139
6190,87,20
6191,87,211
6192,87,140
6193,87,24
6194,87,12
6195,87,229
6196,87,67
6197,87,29
6198,87,124
6199,87,34
6200,87,230
6201,87,142
6202,87,109
6203,87,143
6204,87,295
6205,87,38
6206,87,111
6207,87,123
6208,87,42
6209,87,44
6210,87,46
6211,87,221
6212,87,81
6213,87,144
6214,87,231
6215,87,47
6216,87,232
6217,87,182
6218,87,223
6219,87,118
6220,87,126
6221,87,233
6222,87,93
6223,87,190
6224,8,133
6225,8,177
6226,8,105
6227,8,102
6228,8,388
6229,8,179
6230,8,138
6231,8,18
6232,8,12
6233,8,228
6234,8,110
6235,8,127
6236,8,111
6237,8,429
6238,8,17
6239,8,139
6240,8,20
6241,8,115
6242,8,106
6243,8,211
6244,8,24
6245,8,187
6246,8,212
6247,8,68
6248,8,67
6249,8,63
6250,8,29
6251,8,31
6252,8,34
6253,8,142
6254,8,109
6255,8,143
6256,8,38
6257,8,122
6258,8,123
6259,8,430
6260,8,46
6261,8,221
6262,8,128
6263,8,222
6264,8,47
6265,8,232
6266,8,182
6267,8,118
6268,8,126
6269,34,313
6270,34,174
6271,34,364
6272,34,129
6273,34,191
6274,34,344
6275,34,38
6276,34,171
6277,34,266
6278,34,92
6279,34,130
6280,34,78
6281,34,263
6282,34,1
6283,34,85
6284,34,451
6285,34,456
6286,34,320
6287,34,65
6288,34,63
6289,34,62
6290,34,44
6291,34,42
6292,34,187
6293,34,31
6294,34,112
6295,34,113
6296,34,114
6297,34,18
6298,34,115
6299,34,116
6300,34,27
6301,34,12
6302,34,26
6303,34,118
6304,34,267
6305,34,20
6306,34,212
6307,34,120
6308,34,389
6309,34,106
6310,34,108
6311,34,211
6312,34,140
6313,34,268
6314,34,160
6315,34,121
6316,34,207
6317,34,242
6318,34,229
6319,34,249
6320,34,67
6321,34,252
6322,34,109
6323,34,122
6324,34,123
6325,34,37
6326,34,13
6327,34,246
6328,34,253
6329,34,279
6330,34,34
6331,34,168
6332,34,306
6333,34,24
6334,34,29
6335,34,70
6336,34,69
6337,34,231
6338,34,72
6339,34,280
6340,34,305
6341,34,219
6342,34,248
6343,34,131
6344,34,230
6345,34,269
6346,34,254
6347,34,325
6348,34,214
6349,88,196
6350,88,200
6351,88,272
6352,88,185
6353,88,198
6354,88,337
6355,88,106
6356,88,338
6357,88,171
6358,88,168
6359,88,174
6360,88,257
6361,88,339
6362,88,340
6363,88,341
6364,88,342
6365,88,17
6366,88,204
6367,88,18
6368,88,157
6369,88,206
6370,88,113
6371,88,20
6372,88,207
6373,88,120
6374,88,211
6375,88,160
6376,88,24
6377,88,26
6378,88,12
6379,88,27
6380,88,187
6381,88,68
6382,88,67
6383,88,65
6384,88,62
6385,88,63
6386,88,29
6387,88,76
6388,88,73
6389,88,92
6390,88,31
6391,88,112
6392,88,72
6393,88,215
6394,88,34
6395,88,165
6396,88,69
6397,88,252
6398,88,37
6399,88,38
6400,88,253
6401,88,13
6402,88,46
6403,88,221
6404,88,343
6405,88,93
6406,23,147
6407,23,78
6408,23,263
6409,23,179
6410,23,468
6411,23,257
6412,23,151
6413,23,360
6414,23,362
6415,23,361
6416,23,157
6417,23,168
6418,23,153
6419,23,341
6420,23,221
6421,23,469
6422,23,339
6423,23,17
6424,23,185
6425,23,204
6426,23,18
6427,23,355
6428,23,113
6429,23,96
6430,23,20
6431,23,470
6432,23,373
6433,23,106
6434,23,120
6435,23,160
6436,23,24
6437,23,26
6438,23,12
6439,23,187
6440,23,374
6441,23,29
6442,23,162
6443,23,92
6444,23,31
6445,23,112
6446,23,129
6447,23,304
6448,23,164
6449,23,34
6450,23,238
6451,23,165
6452,23,246
6453,23,46
6454,23,171
6455,23,307
6456,23,81
6457,23,308
6458,23,309
6459,23,182
6460,23,174
6461,23,377
6462,10,133
6463,10,366
6464,10,407
6465,10,194
6466,114,234
6467,114,101
6468,114,150
6469,114,146
6470,114,367
6471,114,145
6472,114,149
6473,114,7
6474,114,81
6475,114,165
6476,114,148
6477,114,155
6478,114,471
6479,114,156
6480,114,472
6481,114,167
6482,114,44
6483,114,42
6484,114,170
6485,114,54
6486,114,31
6487,114,113
6488,114,114
6489,114,18
6490,114,116
6491,114,26
6492,114,20
6493,114,161
6494,114,446
6495,114,121
6496,114,87
6497,114,67
6498,114,279
6499,114,34
6500,114,168
6501,114,24
6502,114,29
6503,114,162
6504,114,64
6505,114,169
6506,114,163
6507,14,263
6508,14,366
6509,14,272
6510,14,127
6511,14,194
6512,14,20
6513,76,133
6514,76,240
6515,76,241
6516,76,251
6517,76,243
6518,76,244
6519,76,242
6520,76,245
6521,76,131
6522,76,108
6523,76,246
6524,76,247
6525,76,182
6526,76,248
6527,76,17
6528,76,185
6529,76,204
6530,76,18
6531,76,20
6532,76,106
6533,76,120
6534,76,211
6535,76,24
6536,76,26
6537,76,27
6538,76,187
6539,76,212
6540,76,67
6541,76,65
6542,76,62
6543,76,29
6544,76,73
6545,76,249
6546,76,31
6547,76,112
6548,76,214
6549,76,250
6550,76,34
6551,76,127
6552,76,252
6553,76,130
6554,76,253
6555,76,42
6556,76,219
6557,76,44
6558,76,46
6559,76,189
6560,76,128
6561,76,254
6562,76,222
6563,76,93
6564,76,255
6565,80,102
6566,80,133
6567,80,93
6568,80,176
6569,80,105
6570,80,60
6571,80,404
6572,80,51
6573,80,198
6574,80,138
6575,80,199
6576,80,68
6577,80,279
6578,80,109
6579,80,462
6580,80,58
6581,80,201
6582,80,12
6583,80,437
6584,80,17
6585,80,18
6586,80,52
6587,80,139
6588,80,20
6589,80,242
6590,80,22
6591,80,115
6592,80,106
6593,80,186
6594,80,211
6595,80,140
6596,80,24
6597,80,26
6598,80,141
6599,80,57
6600,80,187
6601,80,212
6602,80,213
6603,80,67
6604,80,63
6605,80,29
6606,80,76
6607,80,4
6608,80,124
6609,80,73
6610,80,163
6611,80,2
6612,80,31
6613,80,214
6614,80,215
6615,80,216
6616,80,34
6617,80,127
6618,80,217
6619,80,142
6620,80,69
6621,80,252
6622,80,61
6623,80,38
6624,80,122
6625,80,218
6626,80,203
6627,80,253
6628,80,111
6629,80,123
6630,80,246
6631,80,42
6632,80,219
6633,80,220
6634,80,44
6635,80,46
6636,80,132
6637,80,222
6638,80,47
6639,80,118
6640,80,126
6641,80,224
6642,80,225
6643,124,288
6644,124,402
6645,124,196
6646,124,384
6647,124,180
6648,124,51
6649,124,175
6650,124,286
6651,124,184
6652,124,63
6653,124,58
6654,124,473
6655,124,421
6656,124,394
6657,124,123
6658,124,451
6659,124,456
6660,124,44
6661,124,42
6662,124,4
6663,124,54
6664,124,31
6665,124,113
6666,124,114
6667,124,18
6668,124,115
6669,124,181
6670,124,116
6671,124,12
6672,124,117
6673,124,20
6674,124,38
6675,124,212
6676,124,144
6677,124,422
6678,124,211
6679,124,76
6680,124,140
6681,124,55
6682,124,220
6683,124,455
6684,124,474
6685,124,121
6686,124,208
6687,124,218
6688,124,67
6689,124,122
6690,124,73
6691,124,34
6692,124,57
6693,124,24
6694,124,29
6695,124,166
6696,124,69
6697,124,60
6698,124,231
6699,124,72
6700,124,217
6701,124,216
6702,124,188
6703,124,61
6704,124,219
6705,124,64
6706,124,203
6707,124,68
6708,124,163
6709,124,186
6710,124,282
6711,151,196
6712,151,376
6713,151,279
6714,151,39
6715,151,7
6716,151,285
6717,151,203
6718,151,73
6719,151,215
6720,151,460
6721,151,445
6722,151,58
6723,151,17
6724,151,181
6725,151,184
6726,151,6
6727,151,185
6728,151,204
6729,151,18
6730,151,355
6731,151,192
6732,151,300
6733,151,138
6734,151,205
6735,151,157
6736,151,19
6737,151,405
6738,151,52
6739,151,206
6740,151,113
6741,151,294
6742,151,96
6743,151,158
6744,151,139
6745,151,75
6746,151,317
6747,151,20
6748,151,470
6749,151,21
6750,151,242
6751,151,207
6752,151,373
6753,151,273
6754,151,22
6755,151,159
6756,151,115
6757,151,106
6758,151,120
6759,151,208
6760,151,315
6761,151,209
6762,151,23
6763,151,186
6764,151,210
6765,151,211
6766,151,303
6767,151,160
6768,151,140
6769,151,24
6770,151,25
6771,151,26
6772,151,12
6773,151,27
6774,151,141
6775,151,229
6776,151,57
6777,151,187
6778,151,161
6779,151,84
6780,151,212
6781,151,68
6782,151,28
6783,151,268
6784,151,213
6785,151,374
6786,151,329
6787,151,89
6788,151,67
6789,151,65
6790,151,62
6791,151,63
6792,151,29
6793,151,162
6794,151,30
6795,151,76
6796,151,54
6797,151,4
6798,151,108
6799,151,124
6800,151,380
6801,151,71
6802,151,163
6803,151,2
6804,151,92
6805,151,249
6806,151,31
6807,151,112
6808,151,72
6809,151,87
6810,151,214
6811,151,125
6812,151,129
6813,151,259
6814,151,304
6815,151,164
6816,151,32
6817,151,33
6818,151,216
6819,151,250
6820,151,301
6821,151,435
6822,151,339
6823,151,34
6824,151,127
6825,151,281
6826,151,230
6827,151,321
6828,151,238
6829,151,217
6830,151,142
6831,151,165
6832,151,35
6833,151,69
6834,151,305
6835,151,131
6836,151,188
6837,151,36
6838,151,64
6839,151,251
6840,151,166
6841,151,109
6842,151,143
6843,151,252
6844,151,37
6845,151,295
6846,151,61
6847,151,38
6848,151,368
6849,151,130
6850,151,370
6851,151,122
6852,151,40
6853,151,167
6854,151,218
6855,151,296
6856,151,253
6857,151,111
6858,151,123
6859,151,381
6860,151,430
6861,151,352
6862,151,41
6863,151,168
6864,151,246
6865,151,248
6866,151,424
6867,151,42
6868,151,475
6869,151,454
6870,151,353
6871,151,306
6872,151,324
6873,151,219
6874,151,169
6875,151,43
6876,151,220
6877,151,406
6878,151,44
6879,151,45
6880,151,319
6881,151,13
6882,151,95
6883,151,170
6884,151,428
6885,151,261
6886,151,46
6887,151,189
6888,151,8
6889,151,221
6890,151,171
6891,151,389
6892,151,307
6893,151,262
6894,151,244
6895,151,128
6896,151,81
6897,151,407
6898,151,390
6899,151,408
6900,151,172
6901,151,254
6902,151,144
6903,151,132
6904,151,375
6905,151,99
6906,151,231
6907,151,222
6908,151,47
6909,151,173
6910,151,357
6911,151,232
6912,151,48
6913,151,425
6914,151,308
6915,151,309
6916,151,297
6917,151,343
6918,151,201
6919,151,182
6920,151,223
6921,151,348
6922,151,310
6923,151,118
6924,151,126
6925,151,49
6926,151,194
6927,151,233
6928,151,453
6929,151,174
6930,151,358
6931,151,88
6932,151,60
6933,151,224
6934,151,377
6935,151,298
6936,151,325
6937,151,382
6938,151,50
6939,151,93
6940,151,255
6941,151,311
6942,151,190
6943,151,225
6944,151,434
6945,46,264
6946,46,150
6947,46,149
6948,46,234
6949,46,387
6950,46,463
6951,46,86
6952,46,146
6953,46,165
6954,46,464
6955,46,439
6956,46,281
6957,46,161
6958,46,26
6959,46,4
6960,46,18
6961,46,170
6962,46,187
6963,46,212
6964,46,66
6965,46,168
6966,46,21
6967,46,20
6968,46,31
6969,46,116
6970,46,113
6971,46,84
6972,46,24
6973,46,465
6974,46,87
6975,46,29
6976,46,163
6977,46,202
6978,46,34
6979,46,418
6980,46,326
6981,106,209
6982,106,133
6983,106,38
6984,106,400
6985,106,85
6986,106,212
6987,106,191
6988,106,205
6989,106,24
6990,106,414
6991,106,270
6992,106,476
6993,106,433
6994,106,456
6995,106,95
6996,106,370
6997,106,477
6998,106,478
6999,106,17
7000,106,185
7001,106,204
7002,106,18
7003,106,113
7004,106,20
7005,106,242
7006,106,22
7007,106,120
7008,106,211
7009,106,26
7010,106,12
7011,106,329
7012,106,67
7013,106,29
7014,106,73
7015,106,92
7016,106,249
7017,106,31
7018,106,112
7019,106,72
7020,106,87
7021,106,34
7022,106,445
7023,106,39
7024,106,246
7025,106,248
7026,106,42
7027,106,219
7028,106,46
7029,106,81
7030,106,408
7031,106,172
7032,106,231
7033,106,182
7034,106,223
7035,106,453
7036,106,325
7037,106,434
7038,102,234
7039,102,197
7040,102,54
7041,102,349
7042,102,367
7043,102,51
7044,102,350
7045,102,161
7046,102,165
7047,102,443
7048,102,231
7049,102,351
7050,102,170
7051,102,18
7052,102,52
7053,102,113
7054,102,20
7055,102,186
7056,102,24
7057,102,26
7058,102,57
7059,102,68
7060,102,29
7061,102,162
7062,102,4
7063,102,163
7064,102,31
7065,102,87
7066,102,215
7067,102,216
7068,102,34
7069,102,217
7070,102,64
7071,102,58
7072,102,38
7073,102,167
7074,102,168
7075,102,169
7076,102,46
7077,102,173
7078,102,201
7079,102,93
7080,102,225
7081,24,147
7082,24,263
7083,24,78
7084,24,179
7085,24,355
7086,24,300
7087,24,192
7088,24,238
7089,24,468
7090,24,257
7091,24,151
7092,24,360
7093,24,362
7094,24,361
7095,24,157
7096,24,168
7097,24,153
7098,24,341
7099,24,221
7100,24,469
7101,24,339
7102,24,17
7103,24,185
7104,24,204
7105,24,18
7106,24,113
7107,24,96
7108,24,20
7109,24,470
7110,24,242
7111,24,373
7112,24,106
7113,24,120
7114,24,303
7115,24,160
7116,24,24
7117,24,26
7118,24,12
7119,24,187
7120,24,374
7121,24,67
7122,24,29
7123,24,162
7124,24,92
7125,24,249
7126,24,31
7127,24,112
7128,24,129
7129,24,304
7130,24,164
7131,24,34
7132,24,165
7133,24,246
7134,24,42
7135,24,44
7136,24,46
7137,24,171
7138,24,307
7139,24,81
7140,24,308
7141,24,309
7142,24,343
7143,24,182
7144,24,174
7145,24,377
7146,24,325
7147,24,382
7148,49,440
7149,49,133
7150,49,198
7151,49,135
7152,49,89
7153,49,51
7154,49,149
7155,49,52
7156,49,150
7157,49,406
7158,49,148
7159,49,164
7160,49,68
7161,49,237
7162,49,58
7163,49,17
7164,49,6
7165,49,18
7166,49,157
7167,49,19
7168,49,405
7169,49,206
7170,49,113
7171,49,158
7172,49,20
7173,49,22
7174,49,23
7175,49,210
7176,49,160
7177,49,24
7178,49,26
7179,49,28
7180,49,29
7181,49,31
7182,49,129
7183,49,216
7184,49,34
7185,49,165
7186,49,64
7187,49,39
7188,49,168
7189,49,42
7190,49,44
7191,49,170
7192,49,46
7193,49,171
7194,49,407
7195,49,172
7196,49,182
7197,49,223
7198,49,174
7199,49,377
7200,49,225
7201,147,147
7202,147,78
7203,147,299
7204,147,2
7205,147,303
7206,147,6
7207,147,155
7208,147,228
7209,147,427
7210,147,59
7211,147,12
7212,147,301
7213,147,306
7214,147,44
7215,147,17
7216,147,18
7217,147,138
7218,147,139
7219,147,317
7220,147,20
7221,147,22
7222,147,115
7223,147,24
7224,147,26
7225,147,67
7226,147,29
7227,147,4
7228,147,124
7229,147,31
7230,147,250
7231,147,34
7232,147,305
7233,147,109
7234,147,252
7235,147,37
7236,147,38
7237,147,122
7238,147,253
7239,147,111
7240,147,123
7241,147,42
7242,147,13
7243,147,428
7244,147,46
7245,147,221
7246,147,309
7247,147,382
7248,147,311
7249,104,133
7250,104,176
7251,104,177
7252,104,78
7253,104,84
7254,104,199
7255,104,14
7256,104,242
7257,104,83
7258,104,85
7259,104,393
7260,104,87
7261,104,182
7262,104,394
7263,104,212
7264,104,112
7265,104,122
7266,104,18
7267,104,62
7268,104,22
7269,104,187
7270,104,65
7271,104,67
7272,104,24
7273,104,120
7274,104,131
7275,104,253
7276,104,115
7277,104,130
7278,104,250
7279,104,252
7280,104,246
7281,104,127
7282,104,34
7283,104,70
7284,104,93
7285,104,123
7286,104,20
7287,104,7
7288,104,358
7289,104,395
7290,112,133
7291,112,177
7292,112,244
7293,112,242
7294,112,271
7295,112,344
7296,112,204
7297,112,275
7298,112,108
7299,112,230
7300,112,17
7301,112,246
7302,112,248
7303,112,313
7304,112,346
7305,112,185
7306,112,18
7307,112,355
7308,112,192
7309,112,300
7310,112,113
7311,112,20
7312,112,115
7313,112,106
7314,112,120
7315,112,211
7316,112,140
7317,112,24
7318,112,26
7319,112,12
7320,112,27
7321,112,229
7322,112,187
7323,112,212
7324,112,268
7325,112,67
7326,112,65
7327,112,62
7328,112,63
7329,112,29
7330,112,92
7331,112,249
7332,112,31
7333,112,112
7334,112,87
7335,112,214
7336,112,34
7337,112,127
7338,112,238
7339,112,305
7340,112,131
7341,112,251
7342,112,109
7343,112,252
7344,112,37
7345,112,38
7346,112,130
7347,112,370
7348,112,122
7349,112,253
7350,112,111
7351,112,123
7352,112,42
7353,112,306
7354,112,219
7355,112,44
7356,112,13
7357,112,46
7358,112,189
7359,112,254
7360,112,375
7361,112,231
7362,112,222
7363,112,182
7364,112,223
7365,112,49
7366,112,358
7367,112,298
7368,112,382
7369,112,93
7370,149,235
7371,149,372
7372,149,10
7373,149,65
7374,149,62
7375,149,147
7376,149,78
7377,149,299
7378,149,2
7379,149,43
7380,149,303
7381,149,6
7382,149,155
7383,149,228
7384,149,427
7385,149,306
7386,149,59
7387,149,12
7388,149,301
7389,149,44
7390,149,17
7391,149,204
7392,149,18
7393,149,138
7394,149,205
7395,149,139
7396,149,317
7397,149,20
7398,149,21
7399,149,242
7400,149,22
7401,149,115
7402,149,120
7403,149,23
7404,149,211
7405,149,24
7406,149,26
7407,149,27
7408,149,141
7409,149,212
7410,149,89
7411,149,67
7412,149,63
7413,149,29
7414,149,4
7415,149,124
7416,149,380
7417,149,73
7418,149,249
7419,149,31
7420,149,112
7421,149,214
7422,149,33
7423,149,250
7424,149,34
7425,149,35
7426,149,305
7427,149,36
7428,149,166
7429,149,109
7430,149,143
7431,149,252
7432,149,37
7433,149,38
7434,149,122
7435,149,253
7436,149,111
7437,149,123
7438,149,246
7439,149,248
7440,149,42
7441,149,219
7442,149,13
7443,149,428
7444,149,46
7445,149,189
7446,149,221
7447,149,222
7448,149,47
7449,149,309
7450,149,382
7451,149,311
7452,33,78
7453,33,263
7454,33,1
7455,33,85
7456,33,364
7457,33,129
7458,33,191
7459,33,344
7460,33,38
7461,33,171
7462,33,266
7463,33,92
7464,33,130
7465,33,187
7466,33,31
7467,33,113
7468,33,114
7469,33,18
7470,33,116
7471,33,12
7472,33,26
7473,33,267
7474,33,20
7475,33,268
7476,33,160
7477,33,121
7478,33,229
7479,33,249
7480,33,67
7481,33,122
7482,33,123
7483,33,37
7484,33,13
7485,33,279
7486,33,34
7487,33,168
7488,33,24
7489,33,29
7490,33,70
7491,33,230
7492,33,269
7493,108,402
7494,108,240
7495,108,103
7496,108,135
7497,108,147
7498,108,198
7499,108,275
7500,108,81
7501,108,257
7502,108,155
7503,108,156
7504,108,312
7505,108,451
7506,108,456
7507,108,65
7508,108,63
7509,108,62
7510,108,44
7511,108,42
7512,108,170
7513,108,187
7514,108,31
7515,108,112
7516,108,113
7517,108,114
7518,108,18
7519,108,115
7520,108,116
7521,108,27
7522,108,12
7523,108,26
7524,108,118
7525,108,20
7526,108,38
7527,108,212
7528,108,120
7529,108,211
7530,108,121
7531,108,369
7532,108,242
7533,108,83
7534,108,249
7535,108,87
7536,108,67
7537,108,252
7538,108,111
7539,108,109
7540,108,122
7541,108,123
7542,108,37
7543,108,13
7544,108,246
7545,108,253
7546,108,279
7547,108,34
7548,108,24
7549,108,29
7550,108,70
7551,108,69
7552,108,126
7553,108,68
7554,108,94
7555,108,214
7556,30,176
7557,30,263
7558,30,264
7559,30,177
7560,30,265
7561,30,129
7562,30,191
7563,30,179
7564,30,38
7565,30,171
7566,30,266
7567,30,238
7568,30,130
7569,30,187
7570,30,31
7571,30,113
7572,30,114
7573,30,18
7574,30,181
7575,30,116
7576,30,12
7577,30,26
7578,30,267
7579,30,20
7580,30,268
7581,30,160
7582,30,121
7583,30,249
7584,30,67
7585,30,122
7586,30,123
7587,30,37
7588,30,13
7589,30,85
7590,30,34
7591,30,168
7592,30,24
7593,30,29
7594,30,70
7595,30,92
7596,30,269
7597,6,380
7598,6,36
7599,6,264
7600,6,176
7601,6,314
7602,6,378
7603,6,89
7604,6,379
7605,6,355
7606,6,86
7607,6,252
7608,6,204
7609,6,317
7610,6,318
7611,6,319
7612,6,17
7613,6,18
7614,6,19
7615,6,20
7616,6,21
7617,6,242
7618,6,22
7619,6,120
7620,6,315
7621,6,23
7622,6,211
7623,6,303
7624,6,24
7625,6,26
7626,6,27
7627,6,187
7628,6,212
7629,6,268
7630,6,67
7631,6,65
7632,6,62
7633,6,29
7634,6,31
7635,6,112
7636,6,87
7637,6,33
7638,6,301
7639,6,34
7640,6,321
7641,6,238
7642,6,305
7643,6,38
7644,6,253
7645,6,381
7646,6,246
7647,6,42
7648,6,475
7649,6,306
7650,6,324
7651,6,219
7652,6,43
7653,6,44
7654,6,170
7655,6,46
7656,6,189
7657,6,375
7658,6,222
7659,6,47
7660,6,182
7661,6,310
7662,6,358
7663,6,382
7664,6,311
7665,61,105
7666,61,197
7667,61,196
7668,61,106
7669,61,274
7670,61,12
7671,61,67
7672,61,130
7673,61,111
7674,61,312
7675,61,182
7676,61,17
7677,61,185
7678,61,18
7679,61,138
7680,61,205
7681,61,113
7682,61,139
7683,61,20
7684,61,242
7685,61,22
7686,61,115
7687,61,209
7688,61,211
7689,61,24
7690,61,187
7691,61,212
7692,61,63
7693,61,29
7694,61,124
7695,61,73
7696,61,31
7697,61,34
7698,61,142
7699,61,58
7700,61,166
7701,61,109
7702,61,279
7703,61,38
7704,61,122
7705,61,123
7706,61,246
7707,61,46
7708,61,221
7709,61,222
7710,61,47
7711,61,201
7712,61,223
7713,61,118
7714,61,126
7715,31,280
7716,31,174
7717,31,265
7718,31,129
7719,31,191
7720,31,179
7721,31,38
7722,31,171
7723,31,266
7724,31,238
7725,31,130
7726,31,176
7727,31,263
7728,31,264
7729,31,177
7730,31,451
7731,31,456
7732,31,320
7733,31,65
7734,31,63
7735,31,62
7736,31,44
7737,31,42
7738,31,187
7739,31,31
7740,31,112
7741,31,113
7742,31,114
7743,31,18
7744,31,115
7745,31,181
7746,31,116
7747,31,27
7748,31,12
7749,31,26
7750,31,118
7751,31,267
7752,31,20
7753,31,212
7754,31,120
7755,31,389
7756,31,106
7757,31,108
7758,31,211
7759,31,140
7760,31,268
7761,31,160
7762,31,121
7763,31,207
7764,31,242
7765,31,249
7766,31,67
7767,31,252
7768,31,109
7769,31,122
7770,31,123
7771,31,37
7772,31,13
7773,31,246
7774,31,85
7775,31,253
7776,31,34
7777,31,168
7778,31,306
7779,31,24
7780,31,29
7781,31,70
7782,31,69
7783,31,231
7784,31,72
7785,31,92
7786,31,305
7787,31,219
7788,31,248
7789,31,131
7790,31,230
7791,31,269
7792,31,254
7793,31,325
7794,31,214
